pca5_1,pca5_2,pca5_3,pca5_4,pca5_5,celebrity_name,season,placement,celebrity_industry,celebrity_homestate,celebrity_homecountry/region,notability_tag_count,notab_tag_Actor,notab_tag_Athlete,notab_tag_Disney,notab_tag_Host,notab_tag_Journalist,notab_tag_Judge,notab_tag_Model,notab_tag_Olympic,notab_tag_Other,notab_tag_Reality,notab_tag_Singer
0.36614700969898495,-1.8540294533481625,-1.530378948699235,1.4647283913200417,1.5272610890711513,John O'Hurley,1,2,Actor/Actress,Maine,United States,2,1,0,0,1,0,0,0,0,0,0,0
0.6611188876069242,-1.4223317899000085,-2.398418175690993,0.6767216972682196,-1.131644066485467,Kelly Monaco,1,1,Actor/Actress,Pennsylvania,United States,2,1,0,0,0,0,0,1,0,0,0,0
-2.3103278961421876,1.9790785393844008,-0.32625401610850024,-0.12522587651728032,-0.25835663124004493,Evander Holyfield,1,5,Athlete,Alabama,United States,1,0,1,0,0,0,0,0,0,0,0,0
5.16470642273573,2.8453710306406768,-3.2216129221426497,-0.8758508429800319,-2.7469015392234772,Rachel Hunter,1,4,Model,,New Zealand,1,0,0,0,0,0,0,1,0,0,0,0
-1.0316108118937581,-0.5706987974147106,2.2337999730066707,-1.8579358112436597,-1.45169211714245,Joey McIntyre,1,3,Singer/Rapper,Massachusetts,United States,1,0,0,0,0,0,0,0,0,0,0,1
0.1415137342673298,-0.7091124728628235,0.2799381821188903,-0.15000637889774723,1.8916761214187061,Trista Sutter,1,6,TV Personality,Indiana,United States,1,0,0,0,0,0,0,0,0,0,1,0
0.0903158563144795,-1.6914814652408063,-1.1618412736170485,0.9141672801225253,-0.15592523040372216,Tatum O'Neal,2,9,Actor/Actress,California,United States,1,1,0,0,0,0,0,0,0,0,0,0
0.8553344277649211,-1.8977060560830925,-2.130968190902598,0.6365106062181256,-1.331486751970726,Tia Carrere,2,6,Actor/Actress,Hawaii,United States,2,1,0,0,0,0,0,1,0,0,0,0
0.29643357590727465,-2.128468781965813,-1.6682878647689932,1.1221314618352063,-0.7807387051889586,George Hamilton,2,5,Actor/Actress,Tennessee,United States,1,1,0,0,0,0,0,0,0,0,0,0
0.28107874559025403,-1.8453534531776392,-1.4773776254404543,1.2153899272646116,0.5620533531084702,Lisa Rinna,2,4,Actor/Actress,California,United States,2,1,0,0,1,0,0,0,0,0,0,0
-1.2729201838574304,0.8226781443560187,1.0634569870573976,-0.6745157167864839,0.13780705603283264,Stacy Keibler,2,3,Athlete,Maryland,United States,1,0,0,0,0,0,0,0,0,1,0,0
-2.164268948110958,1.460340253114997,0.08333043547925031,-0.448144065168111,-0.9649613952093575,Jerry Rice,2,2,Athlete,Mississippi,United States,1,0,1,0,0,0,0,0,0,0,0,0
4.286319055699992,2.4271193907127766,0.08604148079789131,-0.1336140332290829,2.952284647817366,Giselle Fernandez,2,8,News Anchor,,Mexico,2,1,0,0,0,1,0,0,0,0,0,0
-0.6022631025656889,-1.1811529662650135,2.591700211195354,-1.9668620040690952,-1.0398953743695392,Master P,2,7,Singer/Rapper,Louisiana,United States,1,0,0,0,0,0,0,0,0,0,0,1
-0.6231181753941792,-1.2400148146205343,2.370168438943347,-1.7785523124409495,-1.2646652228122144,Drew Lachey,2,1,Singer/Rapper,Ohio,United States,1,0,0,0,0,0,0,0,0,0,0,1
-1.1653510176046071,1.275863585442614,-0.11434503280309413,0.8092666636718345,3.6413492355596775,Kenny Mayne,2,10,Sports Broadcaster,Washington,United States,1,0,0,0,0,1,0,0,0,0,0,0
0.09031585631447692,-1.6914814652408097,-1.161841273617047,0.914167280122525,-0.15592523040372291,Harry Hamlin,3,9,Actor/Actress,California,United States,1,1,0,0,0,0,0,0,0,0,0,0
0.22642022954822652,-1.9443218269855305,-0.8808786973990761,0.5472722917706561,-0.4585191068072414,Vivica A. Fox,3,8,Actor/Actress,Indiana,United States,1,1,0,0,0,0,0,0,0,0,0,0
0.037023216756822096,-1.524010096598365,-1.3027927192348485,0.9066476808091314,-0.17267642674976336,Monique Coleman,3,4,Actor/Actress,South Carolina,United States,1,1,0,0,0,0,0,0,0,0,0,0
0.07257670053438818,-1.490334176980715,-1.3735230493419173,0.6824772562280117,-0.6113307619097964,Joey Lawrence,3,3,Actor/Actress,Pennsylvania,United States,1,1,0,0,0,0,0,0,0,0,0,0
0.28107874559025314,-1.845353453177636,-1.477377625440455,1.2153899272646134,0.5620533531084723,Mario Lopez,3,2,Actor/Actress,California,United States,2,1,0,0,1,0,0,0,0,0,0,0
-2.2723261438222107,1.9360143297949917,-0.35130285941261,-0.2981115160338141,-0.7753376308141948,Emmitt Smith,3,1,Athlete,Florida,United States,1,0,1,0,0,0,0,0,0,0,0,0
2.283341447972112,-0.8223674651950719,-4.273032580952511,0.07578074189692396,-1.0525982945845813,Shanna Moakler,3,10,Model,Rhode Island,United States,3,1,0,0,0,0,0,1,0,0,1,0
-0.35446471448358047,-1.597685151232182,1.7248115615947073,-1.680789343792861,-1.6604650163813954,Willa Ford,3,7,Singer/Rapper,Florida,United States,2,1,0,0,0,0,0,0,0,0,0,1
-0.3350931176714483,-1.8216716399629502,2.3892885232062233,-2.131290173681301,-2.2355196707793845,Sara Evans,3,6,Singer/Rapper,Missouri,United States,1,0,0,0,0,0,0,0,0,0,0,1
3.9220858290511087,1.8249227515475928,-0.046305030759339755,-0.5373095490689129,1.1923097128064768,Jerry Springer,3,5,TV Personality,,England,1,0,0,0,1,0,0,0,0,0,0,0
0.020408405373503156,-0.04501799784219392,-0.04772458025389338,0.6355334623574905,3.083618000085585,Tucker Carlson,3,11,TV Personality,California,United States,1,0,0,0,0,1,0,0,0,0,0,0
0.25273340957657087,-1.8401994770404455,-0.9702222689308568,0.6218990147469687,-0.004807827027465759,John Ratzenberger,4,6,Actor/Actress,Connecticut,United States,1,1,0,0,0,0,0,0,0,0,0,0
0.1091561848344357,-1.4457185995962512,-0.29107437340190606,1.7747284618652481,-0.4024127886676327,Ian Ziering,4,4,Actor/Actress,New Jersey,United States,1,1,0,0,0,0,0,0,0,0,0,0
-2.1653878535991966,1.6701881398644989,-0.03810856142353426,-0.36936483123443664,-0.46616151782373133,Clyde Drexler,4,8,Athlete,Louisiana,United States,1,0,1,0,0,0,0,0,0,0,0,0
-2.2723261438222124,1.936014329794995,-0.3513028594126131,-0.298111516033812,-0.775337630814196,Laila Ali,4,3,Athlete,Florida,United States,1,0,1,0,0,0,0,0,0,0,0,0
-3.648592457038254,3.594680987598339,-1.1040400824524121,0.005587843801815386,-1.131194922922115,Apolo Anton Ohno,4,1,Athlete,Washington,United States,2,0,1,0,0,0,0,0,1,0,0,0
0.37079601921937144,-1.0524626772748515,-1.223062270779496,-0.7250459844265826,-2.4960499790787094,Shandi Finnessey,4,10,Beauty Pagent,Missouri,United States,1,0,0,0,0,0,0,1,0,0,0,0
4.812824609075045,3.0280596530724044,-2.3556319604245064,-0.85816952944253,-1.917933757658809,Paulina Porizkova,4,11,Model,,Czechoslovakia,1,0,0,0,0,0,0,1,0,0,0,0
4.866339503119921,2.300188526153156,-1.8563612534731846,-0.950156942739499,-1.7151532641422362,Heather Mills,4,7,Model,,England,1,0,0,0,0,0,0,1,0,0,0,0
-0.06930211371733519,-2.1635478892268347,2.4089767946386265,-2.050132219956695,-1.9149074356970377,Billy Ray Cyrus,4,5,Singer/Rapper,Kentucky,United States,2,1,0,0,0,0,0,0,0,0,0,1
-0.0638645321456896,-2.213328715141764,1.4947201165729551,-1.2612466214586964,-1.5968975607924671,Joey Fatone,4,2,Singer/Rapper,New York,United States,2,1,0,0,0,0,0,0,0,0,0,1
-0.07539831417011215,-0.287707167758167,-0.4186912803318539,0.623680209939933,2.199619880282066,Leeza Gibbons,4,9,TV Personality,South Carolina,United States,1,0,0,0,1,0,0,0,0,0,0,0
4.174963487225726,0.898430104423603,-1.6891518925426143,0.26953148391736365,-0.39541723522382116,Cameron Mathison,5,5,Actor/Actress,,Canada,2,1,0,0,1,0,0,0,0,0,0,0
4.034507359978041,0.5886198227073964,-0.9304064696623304,-0.25434207819971594,-1.1799865942253536,Jane Seymour,5,6,Actor/Actress,,England,1,1,0,0,0,0,0,0,0,0,0,0
0.12341619178199972,-2.2743636096596918,-0.20936529066639853,0.08847446721372824,-0.8984327708606191,Sabrina Bryan,5,7,Actor/Actress,California,United States,2,1,0,0,0,0,0,0,0,0,0,1
0.024014237146567453,-1.6095761469263867,-1.2895359882159783,0.8188996418656704,-0.524603901053225,Jennie Garth,5,4,Actor/Actress,Illinois,United States,1,1,0,0,0,0,0,0,0,0,0,0
-2.184484339999652,1.5813151688156326,-0.6768257678421955,-0.004944355804605079,-0.9571920543362016,Floyd Mayweather Jr.,5,9,Athlete,Michigan,United States,1,0,1,0,0,0,0,0,0,0,0,0
1.2768846777614828,-0.6622711366927115,-2.6414904090394664,0.43317176065835306,-1.0024854293419954,Josie Maran,5,12,Model,California,United States,2,1,0,0,0,0,0,1,0,0,0,0
0.7121468317149008,0.5069833144496607,-1.8558573036252215,-0.27128575169083097,-1.11132992786429,Albert Reed,5,11,Model,Florida,United States,1,0,0,0,0,0,0,1,0,0,0,0
4.684747626926612,4.592699541854443,2.1203534450595742,-1.8868104398333632,1.6273072496304433,Helio Castroneves,5,1,Racing Driver,,Brazil,1,0,0,0,0,0,0,0,0,1,0,0
3.444991278616307,0.8778784353689724,2.278001963358308,-2.574479879917138,-1.9528948236379504,Mel B,5,2,Singer/Rapper,,England,1,0,0,0,0,0,0,0,0,0,0,1
-0.6742898552645781,-0.10565741893058612,1.9413804363629064,-0.9562187271006369,0.47427401872627967,Wayne Newton,5,10,Singer/Rapper,Virginia,United States,1,0,0,0,0,0,0,0,0,1,0,0
-0.3908970401506468,-0.42800132896647564,2.513713557237181,-1.2541424932050333,1.012802112111855,Marie Osmond,5,3,Singer/Rapper,Utah,United States,1,0,0,0,0,0,0,0,0,1,0,0
-0.16368900500364036,0.21235913990579777,0.21766948327974495,0.11666260970178612,1.8921495142609104,Mark Cuban,5,8,TV Personality,Pennsylvania,United States,1,0,0,0,0,0,0,0,0,1,0,0
3.626670201882619,1.8380068809515169,0.06933335477688059,-0.1886000984073881,0.8166495547727511,Cristian de la Fuente,6,3,Actor/Actress,,Chile,1,0,0,0,0,0,0,0,0,1,0,0
0.1709148709109112,-1.8202289529056828,-1.159993964836119,0.8440718351831146,-0.5125958023584778,Steve Guttenberg,6,10,Actor/Actress,New York,United States,1,1,0,0,0,0,0,0,0,0,0,0
0.17091487091091087,-1.820228952905682,-1.1599939648361204,0.8440718351831151,-0.5125958023584779,Priscilla Presley,6,8,Actor/Actress,New York,United States,1,1,0,0,0,0,0,0,0,0,0,0
0.024014237146564806,-1.6095761469263865,-1.2895359882159776,0.8188996418656711,-0.5246039010532264,Marlee Matlin,6,7,Actor/Actress,Illinois,United States,1,1,0,0,0,0,0,0,0,0,0,0
0.04714042569358865,-1.4804664159531222,-0.8562321820365939,0.6289830590084328,0.06941697690960545,Shannon Elizabeth,6,6,Actor/Actress,Texas,United States,1,1,0,0,0,0,0,0,0,0,0,0
0.17091487091090915,-1.8202289529056832,-1.1599939648361208,0.8440718351831148,-0.5125958023584776,Marissa Jaret Winokur,6,4,Actor/Actress,New York,United States,1,1,0,0,0,0,0,0,0,0,0,0
-2.080064131860856,1.6502655418103747,-0.7949233889401643,-0.04016337265475084,-0.8105051347765831,Jason Taylor,6,2,Athlete,Pennsylvania,United States,1,0,1,0,0,0,0,0,0,0,0,0
-2.9993922643560436,2.462997642645748,-1.0538551452626095,0.20517571764900885,-1.021792394143124,Kristi Yamaguchi,6,1,Athlete,California,United States,2,0,1,0,0,0,0,0,1,0,0,0
2.2202183757242815,4.072350823906881,0.5941561825251327,-0.7742701952977546,0.3329533705570038,Monica Seles,6,11,Athlete,,Yugoslavia,1,0,0,0,0,0,0,0,0,1,0,0
-1.3523040464545255,1.177495141164297,0.9423300692731306,-0.20210609119201262,1.4105913619342654,Penn Jillette,6,12,Magician,Massachusetts,United States,1,0,0,0,0,0,0,0,0,1,0,0
-0.48523189284697626,-0.6201270941150329,-0.2075299504714968,0.8063255179940524,1.8874508980107398,Adam Carolla,6,9,Radio Personality,California,United States,1,0,0,0,1,0,0,0,0,0,0,0
-0.612670144761505,-1.4224881420364652,2.9758038281130488,-2.3566249488633457,-1.7975211266761464,Mario,6,5,Singer/Rapper,Maryland,United States,1,0,0,0,0,0,0,0,0,0,0,1
0.09031585631447768,-1.6914814652408097,-1.161841273617048,0.9141672801225258,-0.15592523040372192,Ted McGinley,7,12,Actor/Actress,California,United States,1,1,0,0,0,0,0,0,0,0,0,0
-0.5109710024242567,-0.7353616205709282,-1.4281406320843353,0.6728350815117408,-0.8488845481605674,Cloris Leachman,7,7,Actor/Actress,Iowa,United States,1,1,0,0,0,0,0,0,0,0,0,0
0.170914870910909,-1.8202289529056852,-1.15999396483612,0.8440718351831157,-0.512595802358477,Susan Lucci,7,6,Actor/Actress,New York,United States,1,1,0,0,0,0,0,0,0,0,0,0
0.04714042569359018,-1.4804664159531207,-0.8562321820365947,0.628983059008432,0.06941697690960416,Cody Linley,7,4,Actor/Actress,Texas,United States,1,1,0,0,0,0,0,0,0,0,0,0
-2.1634362670831537,1.5443044227992297,-0.7279479555946455,0.2714123054061549,-0.5093606206310263,Misty May-Treanor,7,10,Athlete,California,United States,1,0,0,0,0,0,0,0,1,0,0,0
-3.413847393092521,3.0582247823933786,-1.38450185875508,0.08724217131020194,-1.8607362518766717,Maurice Greene,7,5,Athlete,Kansas,United States,2,0,1,0,0,0,0,0,1,0,0,0
-2.272326143822213,1.9360143297949937,-0.3513028594126133,-0.2981115160338125,-0.7753376308141949,Warren Sapp,7,2,Athlete,Florida,United States,1,0,1,0,0,0,0,0,0,0,0,0
-0.39712944293012,0.08353329225941317,1.2366235006123714,1.4394316749973037,1.5483040342890855,Jeffrey Ross,7,13,Comedian,New Jersey,United States,1,0,0,0,0,0,0,0,0,1,0,0
-0.6126701447615043,-1.4224881420364632,2.9758038281130483,-2.356624948863346,-1.7975211266761466,Toni Braxton,7,8,Singer/Rapper,Maryland,United States,1,0,0,0,0,0,0,0,0,0,0,1
-0.6011441970774529,-1.3910008530145126,2.713139208098134,-2.045641238002768,-1.5386952517551653,Lance Bass,7,3,Singer/Rapper,Mississippi,United States,1,0,0,0,0,0,0,0,0,0,0,1
0.3601460393387148,-1.138630486015757,-0.5547187457106457,0.43170795452973154,1.8828764688008373,Kim Kardashian,7,11,TV Personality,California,United States,2,1,0,0,0,0,0,0,0,0,1,0
-0.06535083462711455,-0.11753563601916638,0.4311985677855432,0.27825718865688914,1.9908844738122293,Rocco DiSpirito,7,9,TV Personality,New York,United States,1,0,0,0,0,0,0,0,0,1,0,0
1.0835907440273047,-1.2182525360171996,-1.6647103079885048,0.5479953299935947,1.5357816464073004,Brooke Burke,7,1,TV Personality,Connecticut,United States,3,1,0,0,1,0,0,1,0,0,0,0
3.9920023980087715,0.29355566847634657,-1.6343099388489288,0.3479287857279877,-1.7794307867665728,Gilles Marini,8,2,Actor/Actress,,France,1,1,0,0,0,0,0,0,0,0,0,0
0.024014237146566822,-1.6095761469263876,-1.2895359882159785,0.8188996418656704,-0.5246039010532249,Denise Richards,8,12,Actor/Actress,Illinois,United States,1,1,0,0,0,0,0,0,0,0,0,0
-0.03184350760441149,-1.559284549975459,-1.2554254282439534,0.7176962730781572,-0.7580176814694151,David Alan Grier,8,9,Actor/Actress,Michigan,United States,1,1,0,0,0,0,0,0,0,0,0,0
-2.271232985495248,1.8502831426705524,-0.1275070952005943,-0.20278983865983274,-0.543662217835875,Lawrence Taylor,8,7,Athlete,Virginia,United States,1,0,1,0,0,0,0,0,0,0,0,0
-1.160149687384742,0.6161410545526155,0.48974259895299305,-0.13441235466700904,0.290118772046451,Ty Murray,8,4,Athlete,Arizona,United States,1,0,0,0,0,0,0,0,0,1,0,0
-3.6006791230947788,3.4191174873156296,-1.3201545037298947,-0.036156480961778016,-1.7147517118999696,Shawn Johnson,8,1,Athlete,Iowa,United States,2,0,1,0,0,0,0,0,1,0,0,0
0.01286134401095822,0.5566538028380578,3.1782549744909168,4.967862896939504,0.12532911184612563,Steve Wozniak,8,10,Entrepreneur,California,United States,1,0,0,0,0,0,0,0,0,1,0,0
-0.49920022504725636,-1.4022228525792297,2.0465671594035926,-1.4059705215948948,-0.9288334598163216,Belinda Carlisle,8,13,Singer/Rapper,California,United States,1,0,0,0,0,0,0,0,0,0,0,1
-0.5382817967324182,-1.6966424565511005,3.8508158440705516,-2.9637536488902385,-2.1857216194955096,Chuck Wicks,8,6,Singer/Rapper,Delaware,United States,1,0,0,0,0,0,0,0,0,0,0,1
-0.4186012104508244,-1.5309703402441046,2.048414468184517,-1.476065966534307,-1.285504031771077,Lil' Kim,8,5,Singer/Rapper,New York,United States,1,0,0,0,0,0,0,0,0,0,0,1
3.79824165444002,2.291313139593913,0.6607860629593334,-0.8201567247259413,1.3234936819453553,Steve-O,8,8,TV Personality,,England,1,0,0,0,0,0,0,0,0,1,0,0
0.6271012452103361,-0.1937497622916459,-2.2711981197671838,0.14540648813469495,0.7179122977098182,Holly Madison,8,11,TV Personality,Oregon,United States,3,1,0,0,0,0,0,1,0,0,1,0
0.2894555730717852,-0.9265218620105875,-0.5258250947451665,0.5608349332148446,2.1303197549200448,Melissa Rycroft,8,3,TV Personality,Texas,United States,2,1,0,0,1,0,0,0,0,0,0,0
-0.19750210732596843,-0.6966046902336579,-0.21659218011021802,0.7177234065319748,1.0046308512687356,Ashley Hamiliton,9,16,Actor/Actress,California,United States,1,0,0,0,0,0,0,0,0,1,0,0
0.17091487091091015,-1.820228952905683,-1.1599939648361206,0.8440718351831156,-0.5125958023584782,Debi Mazar,9,12,Actor/Actress,New York,United States,1,1,0,0,0,0,0,0,0,0,0,0
0.17091487091091073,-1.8202289529056819,-1.1599939648361202,0.8440718351831149,-0.5125958023584782,Melissa Joan Hart,9,9,Actor/Actress,New York,United States,1,1,0,0,0,0,0,0,0,0,0,0
-0.021025722948061428,-0.97083166815665,-0.16082397104668344,0.44582229158737074,0.3493826342774019,Mark Dacascos,9,6,Actor/Actress,Hawaii,United States,1,0,0,0,0,0,0,0,0,1,0,0
-2.06232497608076,1.4491182535502847,-0.5832416132152927,0.1915266512397625,-0.3550996032705079,Chuck Liddell,9,11,Athlete,California,United States,1,0,1,0,0,0,0,0,0,0,0,0
-2.999392264356044,2.462997642645747,-1.0538551452626095,0.20517571764900877,-1.021792394143123,Natalie Coughlin,9,10,Athlete,California,United States,2,0,1,0,0,0,0,0,1,0,0,0
-1.2833682144901086,1.0051514717719503,0.4578215978876936,-0.09644308036409219,0.6706629598967576,Louie Vito,9,8,Athlete,Ohio,United States,1,0,0,0,0,0,0,0,0,1,0,0
-2.2723261438222115,1.9360143297949937,-0.3513028594126131,-0.29811151603381275,-0.7753376308141936,Michael Irvin,9,7,Athlete,Florida,United States,1,0,1,0,0,0,0,0,0,0,0,0
5.666492923700505,1.8278907683130945,-4.172447408936565,-0.4982269055824232,-3.3118487861657777,Joanna Krupa,9,4,Model,,Poland,2,1,0,0,0,0,0,1,0,0,0,0
0.9221479994563522,0.020087238204950456,-2.0877960574278998,0.21835241558274407,-0.691091900320604,Kathy Ireland,9,14,Model,California,United States,1,0,0,0,0,0,0,1,0,0,0,0
-0.6443584574687393,0.1968145197329854,1.0763337623636797,0.1461993088480154,2.619499170372489,Tom DeLay,9,13,Politician,Texas,United States,1,0,0,0,0,0,0,0,0,1,0,0
-0.6231181753941797,-1.2400148146205385,2.3701684389433475,-1.778552312440953,-1.2646652228122202,Macy Gray,9,15,Singer/Rapper,Ohio,United States,1,0,0,0,0,0,0,0,0,0,0,1
-0.3544647144835792,-1.597685151232182,1.7248115615947086,-1.6807893437928607,-1.6604650163813948,Aaron Carter,9,5,Singer/Rapper,Florida,United States,2,1,0,0,0,0,0,0,0,0,0,1
-0.4895885684972308,-0.21041012851295726,2.0214322993148217,-0.8474595957652862,1.1721431049869038,Mya,9,2,Singer/Rapper,Washington D.C.,United States,1,0,0,0,0,0,0,0,0,1,0,0
-0.06997874104268313,-2.005760248392513,2.520940446680993,-1.8833914325232735,-0.8902615100174994,Donny Osmond,9,1,Singer/Rapper,Utah,United States,2,1,0,0,0,0,0,0,0,0,0,1
4.3374378784698004,0.5585886575135615,0.6291920411947212,-1.5624942167013063,0.11630756452230875,Kelly Osbourne,9,3,TV Personality,,England,3,1,0,0,0,0,0,0,0,0,1,1
4.034507359978044,0.5886198227073959,-0.9304064696623302,-0.25434207819971627,-1.1799865942253525,Aiden Turner,10,9,Actor/Actress,,England,1,1,0,0,0,0,0,0,0,0,0,0
0.2964335759072712,-2.1284687819658137,-1.6682878647689925,1.1221314618352072,-0.7807387051889556,Shannen Doherty,10,11,Actor/Actress,Tennessee,United States,1,1,0,0,0,0,0,0,0,0,0,0
0.28107874559025364,-1.8453534531776379,-1.4773776254404527,1.2153899272646123,0.5620533531084707,Niecy Nash,10,5,Actor/Actress,California,United States,2,1,0,0,1,0,0,0,0,0,0,0
-0.5725418033818156,0.30405316301980195,2.1161325120075714,2.105141488819896,1.9119989924662888,Buzz Aldrin,10,10,Astronaut,New Jersey,United States,1,0,0,0,0,0,0,0,0,1,0,0
-2.2723261438222115,1.936014329794994,-0.35130285941261274,-0.298111516033813,-0.7753376308141942,Chad Ochocinco,10,4,Athlete,Florida,United States,1,0,1,0,0,0,0,0,0,0,0,0
-3.065693883523956,2.5449029609601683,-1.1815498598615388,0.10990807939215315,-1.3904710647926253,Evan Lysacek,10,2,Athlete,Illinois,United States,2,0,1,0,0,0,0,0,1,0,0,0
5.170769419396962,2.081512420908533,-2.8532646761416283,-0.5126866826888961,-1.9599560176742872,Pamela Anderson,10,6,Model,,Canada,2,1,0,0,0,0,0,1,0,0,0,0
-0.3227238406693509,-1.6764498305022235,2.1023353684671244,-1.6778716365394983,-1.5840816768076555,Nicole Scherzinger,10,1,Singer/Rapper,Hawaii,United States,1,0,0,0,0,0,0,0,0,0,0,1
-0.5974408154107078,0.19173408980736897,0.3599144203864207,0.9710121728132753,3.9798965459827524,Erin Andrews,10,3,Sports Broadcaster,Maine,United States,1,0,0,0,0,0,0,0,0,1,0,0
0.3424068835586198,-0.937483197755669,-0.7664005214355172,0.20001793063521905,1.4274709372947618,Kate Gosselin,10,8,TV Personality,Pennsylvania,United States,2,1,0,0,0,0,0,0,0,0,1,0
-0.03776606958730687,-0.24525706183040968,0.30458469748137285,-0.06829561165997045,2.4196122051355515,Jake Pavelka,10,7,TV Personality,Texas,United States,1,0,0,0,0,0,0,0,0,0,1,0
0.009946272067750726,-2.2946288991169257,0.7198713780430606,-0.862179960054719,-1.767120437720442,David Hasselhoff,11,12,Actor/Actress,Maryland,United States,2,1,0,0,0,0,0,0,0,0,0,1
0.2264202295482242,-1.9443218269855331,-0.8808786973990763,0.547272291770657,-0.458519106807243,Florence Henderson,11,8,Actor/Actress,Indiana,United States,1,1,0,0,0,0,0,0,0,0,0,0
0.08023522578385212,-3.0357766148929874,0.05418471546617624,-0.1444550359205312,-1.3685803717874225,Kyle Massey,11,2,Actor/Actress,Georgia,United States,3,1,0,1,0,0,0,0,0,0,0,1
0.17091487091091043,-1.8202289529056819,-1.1599939648361206,0.8440718351831153,-0.5125958023584776,Jennifer Grey,11,1,Actor/Actress,New York,United States,1,1,0,0,0,0,0,0,0,0,0,0
1.8315597655547193,4.19290181115153,-0.7950158803174556,-0.7543317921074871,-1.3125701916028016,Rick Fox,11,6,Athlete,,Canada,1,0,1,0,0,0,0,0,0,0,0,0
-2.6636118348194957,2.4052380982201633,-0.8495409716825794,-0.04980554737102382,-1.0480589210273554,Kurt Warner,11,5,Athlete,Iowa,United States,1,0,1,0,0,0,0,0,0,0,0,0
-0.4159697714500778,-0.16222957338514218,0.3658566003972309,0.5788704932545806,1.7947915925529985,Margaret Cho,11,10,Comedian,California,United States,1,0,0,0,0,0,0,0,0,1,0,0
-0.336782671785165,-1.5509408643788662,2.238186164089785,-1.6982387869704525,-0.7777160564400645,Michael Bolton,11,11,Singer/Rapper,Connecticut,United States,1,0,0,0,0,0,0,0,0,0,0,1
-0.246407518772321,-2.073359227912174,2.159444856486568,-1.8308218929271585,-1.8500887807765547,Brandy,11,4,Singer/Rapper,Mississippi,United States,2,1,0,0,0,0,0,0,0,0,0,1
0.08600837563001516,-0.5850195987829702,0.0008229146818458922,0.14679316451471153,1.8375994258674695,The Situation,11,9,TV Personality,New York,United States,1,0,0,0,0,0,0,0,0,0,1,0
-0.1459498492235467,0.01121185164570888,0.42935125900461546,0.3483526335963001,2.347555045766986,Audrina Patridge,11,7,TV Personality,California,United States,1,0,0,0,0,0,0,0,0,1,0,0
-0.03810287301300963,0.4134358188127496,1.068881292962592,0.12570200925674754,3.770056435129877,Bristol Palin,11,3,TV Personality,Alaska,United States,1,0,0,0,0,0,0,0,0,1,0,0
0.17091487091091043,-1.8202289529056819,-1.1599939648361206,0.8440718351831153,-0.5125958023584776,Ralph Macchio,12,4,Actor/Actress,New York,United States,1,1,0,0,0,0,0,0,0,0,0,0
0.08537104808988812,-2.769581743406803,-1.1693504723054977,0.8110461373503635,-1.279263095529834,Chelsea Kane,12,3,Actor/Actress,Arizona,United States,2,1,0,1,0,0,0,0,0,0,0,0
-0.3241392724219964,-1.0962543254931765,-1.4924879871095167,0.7962337337837196,-0.9948690881372715,Kirstie Alley,12,2,Actor/Actress,Kansas,United States,1,1,0,0,0,0,0,0,0,0,0,0
0.943072903546593,4.976232035440197,-0.6379090272905938,-0.9230069813219139,-2.1373258559753125,Hines Ward,12,1,Athlete,,South Korea,1,0,1,0,0,0,0,0,0,0,0,0
-2.284698054582188,1.8274945234593871,7.388510662686399e-06,-0.5206009375220847,-0.5148228799437894,Sugar Ray Leonard,12,9,Athlete,North Carolina,United States,1,0,1,0,0,0,0,0,0,0,0,0
-1.0788512495467537,0.714195946148383,0.1360676271288636,0.20604326554255414,0.6498241509379014,Chris Jericho,12,7,Athlete,New York,United States,1,0,0,0,0,0,0,0,0,1,0,0
4.291201136667188,3.272575666101183,-0.9391820921801625,-0.8340384989976859,-0.5484579004320674,Petra Nemcova,12,8,Model,,Czechoslovakia,1,0,0,0,0,0,0,0,0,1,0,0
-0.6090760674580666,-0.1537367060687138,0.49956114324717604,0.5234783423370231,2.0186348671496153,Mike Catherwood,12,11,Radio Personality,California,United States,1,0,0,0,0,0,0,0,0,1,0,0
-0.24752642426056062,-1.8635113411626776,2.038005859583784,-1.7520426589934857,-1.351288903390932,Romeo,12,5,Singer/Rapper,Louisiana,United States,2,1,0,0,0,0,0,0,0,0,0,1
-0.0032653460925002684,-0.20941567075605458,0.593027065501085,1.4917609909960532,1.969883518364194,Wendy Williams,12,10,TV Personality,New Jersey,United States,1,0,0,0,1,0,0,0,0,0,0,0
0.9486882264112517,-1.0706280989350474,-1.5796138720597221,0.42595239556994546,1.3625631642251643,Kendra Wilkinson,12,6,TV Personality,California,United States,3,1,0,0,0,0,0,1,0,0,1,0
4.544345670049502,0.5848429115758769,-1.9078179892270117,-0.299770141841496,-2.339553873279767,Elisabetta Canalis,13,11,Actor/Actress,,Italy,2,1,0,0,0,0,0,1,0,0,0,0
-0.11859215310000945,-1.2903165761205404,-0.706106755602349,0.5198507902229309,-0.34448784496908696,David Arquette,13,6,Actor/Actress,Virginia,United States,1,1,0,0,0,0,0,0,0,0,0,0
0.36167776018668524,-1.9741009408425123,-1.4755303166595255,1.145294482325201,0.2053827811537144,Ricki Lake,13,3,Actor/Actress,New York,United States,2,1,0,0,1,0,0,0,0,0,0,0
-0.012747021203957699,-1.470411578926595,-0.6167082218252896,0.3532757976483275,-0.26698714495694365,J.R. Martinez,13,1,Actor/Actress,Louisiana,United States,1,1,0,0,0,0,0,0,0,0,0,0
-1.0788512495467537,0.714195946148383,0.1360676271288636,0.20604326554255414,0.6498241509379014,Metta World Peace (Ron),13,12,Athlete,New York,United States,1,0,0,0,0,0,0,0,0,1,0,0
-1.8086504568253992,1.9746267787658491,0.08403538115813272,0.0765508366347727,0.8970921941136648,Hope Solo,13,4,Athlete,Washington,United States,1,0,0,0,0,0,0,0,0,1,0,0
-0.4992002250472562,-1.4022228525792293,2.046567159403592,-1.4059705215948954,-0.9288334598163218,Chynna Phillips,13,9,Singer/Rapper,California,United States,1,0,0,0,0,0,0,0,0,0,0,1
0.6292631840439312,-1.5830185755191437,-0.49955402919333375,0.14188572962844961,1.7881095705302554,Kristin Cavallari,13,10,TV Personality,Colorado,United States,2,1,0,0,0,0,0,0,0,0,1,0
0.3148918479125803,-0.9363896230381846,-1.0431159620504922,0.6143291304344253,1.4495720161006447,Carson Kressley,13,8,TV Personality,Pennsylvania,United States,2,1,0,0,1,0,0,0,0,0,0,0
-0.1459498492235467,0.01121185164570888,0.42935125900461546,0.3483526335963001,2.347555045766986,Chaz Bono,13,7,TV Personality,California,United States,1,0,0,0,0,0,0,0,0,1,0,0
-0.06104125562756692,-0.3652936427285502,0.3488416507120263,0.09084038374225518,2.153185389981205,Nancy Grace,13,5,TV Personality,Georgia,United States,1,0,0,0,1,0,0,0,0,0,0,0
0.3601460393387144,-1.1386304860157572,-0.5547187457106457,0.43170795452973176,1.8828764688008377,Rob Kardashian,13,2,TV Personality,California,United States,2,1,0,0,0,0,0,0,0,0,1,0
3.9880529610991022,0.2932115827041849,-1.6315122843149363,0.3472994685285253,-1.7759727669558534,William Levy,14,3,Actor/Actress,,Cuba,1,1,0,0,0,0,0,0,0,0,0,0
0.2875232991578041,-2.6938123970434145,0.13335607313623526,-0.6368451848726768,-2.2051189818236847,Jack Wagner,14,11,Actor/Actress,Missouri,United States,2,1,0,0,0,0,0,0,0,0,0,1
-0.2638037264938798,-0.6146993719192353,-0.34428689470914764,0.6224557682751185,0.635952180619234,Sherri Sheperd,14,10,Actor/Actress,Illinois,United States,1,0,0,0,0,0,0,0,0,1,0,0
0.09031585631447861,-1.691481465240808,-1.1618412736170474,0.9141672801225262,-0.15592523040372186,Jaleel White,14,7,Actor/Actress,California,United States,1,1,0,0,0,0,0,0,0,0,0,0
0.11917080679896268,-3.1256615085650483,-0.5723967699599047,0.3959043895905422,-1.305394685140522,Roshon Fegan,14,6,Actor/Actress,California,United States,3,1,0,1,0,0,0,0,0,0,0,1
0.09031585631447861,-1.691481465240808,-1.1618412736170474,0.9141672801225262,-0.15592523040372186,Melissa Gilbert,14,5,Actor/Actress,California,United States,1,1,0,0,0,0,0,0,0,0,0,0
2.731226345475505,3.8509158486807076,-0.13361558464866782,-0.800383234543308,-0.22034713444554652,Martina Navratilova,14,12,Athlete,,Czechoslovakia,1,0,0,0,0,0,0,0,0,1,0,0
-2.1055004067016503,1.6601333028379692,-0.27763252163483854,-0.09365756987433133,-0.12975739595718208,Donald Driver,14,1,Athlete,Texas,United States,1,0,1,0,0,0,0,0,0,0,0,0
-0.41860121045082466,-1.5309703402441046,2.048414468184517,-1.476065966534306,-1.2855040317710773,Gavin DeGraw,14,9,Singer/Rapper,New York,United States,1,0,0,0,0,0,0,0,0,0,0,1
-0.5381358060623667,-1.3123379589071698,2.6731486448296735,-1.9463299471059692,-0.9920191464632225,Gladys Knight,14,8,Singer/Rapper,Georgia,United States,1,0,0,0,0,0,0,0,0,0,0,1
3.154163403519901,0.7245317509890008,3.8781436783244665,-3.7311952856622193,-3.1782253369368396,Katherine Jenkins,14,2,Singer/Rapper,,Wales,1,0,0,0,0,0,0,0,0,0,0,1
-0.19977958315382435,-0.3060128561337559,-0.6442013727225336,0.39405386468017034,1.3821188902805863,Maria Menounos,14,4,TV Personality,Massachusetts,United States,2,1,0,0,1,0,0,0,0,0,0,0
3.99200239800877,0.29355566847634673,-1.6343099388489286,0.3479287857279866,-1.7794307867665713,Gilles Marini,15,6,Actor/Actress,,France,1,1,0,0,0,0,0,0,0,0,0,0
0.12341619178199767,-2.2743636096596926,-0.20936529066639942,0.08847446721373045,-0.8984327708606175,Sabrina Bryan,15,8,Actor/Actress,California,United States,2,1,0,0,0,0,0,0,0,0,0,1
-0.3241392724219964,-1.0962543254931765,-1.4924879871095167,0.7962337337837196,-0.9948690881372715,Kirstie Alley,15,7,Actor/Actress,Kansas,United States,1,1,0,0,0,0,0,0,0,0,0,0
0.6611188876069204,-1.4223317899000096,-2.398418175690995,0.6767216972682268,-1.1316440664854683,Kelly Monaco,15,3,Actor/Actress,Pennsylvania,United States,2,1,0,0,0,0,0,1,0,0,0,0
-3.648592457038258,3.5946809875983403,-1.1040400824524124,0.005587843801815905,-1.1311949229221154,Apolo Anton Ohno,15,5,Athlete,Washington,United States,2,0,1,0,0,0,0,0,1,0,0,0
-2.2723261438222115,1.936014329794994,-0.35130285941261286,-0.2981115160338129,-0.775337630814194,Emmitt Smith,15,4,Athlete,Florida,United States,1,0,1,0,0,0,0,0,0,0,0,0
-3.6006791230947788,3.4191174873156265,-1.3201545037298956,-0.03615648096177731,-1.7147517118999691,Shawn Johnson,15,2,Athlete,Iowa,United States,2,0,1,0,0,0,0,0,1,0,0,0
5.170769419396962,2.081512420908533,-2.8532646761416283,-0.5126866826888961,-1.9599560176742872,Pamela Anderson,15,13,Model,,Canada,2,1,0,0,0,0,0,1,0,0,0,0
4.684747626926611,4.592699541854442,2.120353445059573,-1.886810439833364,1.6273072496304437,Helio Castroneves,15,10,Racing Driver,,Brazil,1,0,0,0,0,0,0,0,0,1,0,0
-0.06386453214569338,-2.213328715141766,1.4947201165729536,-1.261246621458698,-1.5968975607924663,Joey Fatone,15,12,Singer/Rapper,New York,United States,2,1,0,0,0,0,0,0,0,0,0,1
-0.6231181753941796,-1.2400148146205383,2.370168438943347,-1.778552312440953,-1.2646652228122206,Drew Lachey,15,11,Singer/Rapper,Ohio,United States,1,0,0,0,0,0,0,0,0,0,0,1
-0.03810287301300963,0.4134358188127496,1.068881292962592,0.12570200925674754,3.770056435129877,Bristol Palin,15,9,TV Personality,Alaska,United States,1,0,0,0,0,0,0,0,0,1,0,0
0.28945557307178527,-0.9265218620105876,-0.5258250947451665,0.5608349332148448,2.130319754920045,Melissa Rycroft,15,1,TV Personality,Texas,United States,2,1,0,0,1,0,0,0,0,0,0,0
3.9880529610991022,0.2932115827041839,-1.6315122843149346,0.3472994685285251,-1.7759727669558514,Ingo Rademacher,16,5,Actor/Actress,,Germany,1,1,0,0,0,0,0,0,0,0,0,0
-0.2686662069736877,-1.8604209892485017,-0.971178401298989,1.006777857423729,-0.25149361566223716,Zendaya,16,2,Actor/Actress,California,United States,1,0,0,1,0,0,0,0,0,0,0,0
-3.065693883523956,2.5449029609601683,-1.1815498598615388,0.10990807939215315,-1.3904710647926253,Dorothy Hamill,16,12,Athlete,Illinois,United States,2,0,1,0,0,0,0,0,1,0,0,0
-2.476780104817238,2.044345393297915,-0.9138883267077623,0.07359310490095534,-1.1940434610040582,Victor Ortiz,16,8,Athlete,Kansas,United States,1,0,1,0,0,0,0,0,0,0,0,0
-3.5318028512025412,3.294521697810264,-0.8666223316595224,-0.24678957199975923,-1.5446510514692555,Alexandra Raisman,16,4,Athlete,Massachusetts,United States,2,0,1,0,0,0,0,0,1,0,0,0
-2.165387853599198,1.6701881398644975,-0.03810856142353394,-0.3693648312344364,-0.46616151782373033,Jacoby Jones,16,3,Athlete,Louisiana,United States,1,0,1,0,0,0,0,0,0,0,0,0
-0.6248777808645635,0.23893531573512575,0.8215911184119306,0.18455400335498545,1.6062289779876333,D. L. Hughley,16,9,Comedian,Virginia,United States,1,0,0,0,0,0,0,0,0,1,0,0
-0.18144444736728882,-0.9896349797498509,-0.7203439387273978,0.767794767531737,0.6174843145344976,Andy Dick,16,7,Comedian,South Carolina,United States,1,1,0,0,0,0,0,0,0,0,0,0
-0.4240387920224659,-1.4811895143291705,2.9626711462501873,-2.2649515650323044,-1.603513906675647,Wynonna Judd,16,11,Singer/Rapper,Kentucky,United States,1,0,0,0,0,0,0,0,0,0,0,1
-0.7215733035486845,-1.0238465826701277,2.629816161129545,-2.1180981103567427,-1.088556736489601,Kellie Pickler,16,1,Singer/Rapper,North Carolina,United States,1,0,0,0,0,0,0,0,0,0,0,1
4.304337543002282,1.1414708019324469,-0.3232839417559282,-0.7368014037925095,0.8588151049792051,Lisa Vanderpump,16,10,TV Personality,,England,2,1,0,0,0,0,0,0,0,0,1,0
0.31697060871782456,-0.9276154367280722,-0.24910965413019176,0.14652373341563837,2.1082186761141624,Sean Lowe,16,6,TV Personality,Texas,United States,2,1,0,0,0,0,0,0,0,0,1,0
0.17091487091091043,-1.8202289529056819,-1.1599939648361206,0.8440718351831153,-0.5125958023584776,Valerie Harper,17,10,Actor/Actress,New York,United States,1,1,0,0,0,0,0,0,0,0,0,0
-0.03360209403244394,-1.529273427282114,-0.8382399940772907,0.5415854892764688,-0.4917569933996211,Brant Daugherty,17,7,Actor/Actress,Ohio,United States,1,1,0,0,0,0,0,0,0,0,0,0
-0.03184350760441141,-1.5592845499754573,-1.2554254282439519,0.7176962730781596,-0.7580176814694146,Elizabeth Berkley Lauren,17,6,Actor/Actress,Michigan,United States,1,1,0,0,0,0,0,0,0,0,0,0
0.17091487091091043,-1.8202289529056819,-1.1599939648361206,0.8440718351831153,-0.5125958023584776,Leah Remini,17,5,Actor/Actress,New York,United States,1,1,0,0,0,0,0,0,0,0,0,0
0.17091487091091043,-1.8202289529056819,-1.1599939648361206,0.8440718351831153,-0.5125958023584776,Corbin Bleu,17,2,Actor/Actress,New York,United States,1,1,0,0,0,0,0,0,0,0,0,0
0.09031585631447861,-1.691481465240808,-1.1618412736170474,0.9141672801225262,-0.15592523040372186,Amber Riley,17,1,Actor/Actress,California,United States,1,1,0,0,0,0,0,0,0,0,0,0
-2.0623249760807605,1.4491182535502831,-0.5832416132152924,0.19152665123976206,-0.3550996032705094,Keyshawn Johnson,17,12,Athlete,California,United States,1,0,1,0,0,0,0,0,0,0,0,0
-0.17132723843052167,-0.9460912991046085,-0.27378340152914465,0.4901301457310392,0.8595777181938673,Bill Engvall,17,4,Comedian,Texas,United States,1,1,0,0,0,0,0,0,0,0,0,0
-0.12562321822216851,-1.8388183618323353,2.363639708007168,-0.3305899947765633,-1.486714547101623,Christina Milian,17,9,Singer/Rapper,New Jersey,United States,2,1,0,0,0,0,0,0,0,0,0,1
3.829581670242168,2.078339460067079,0.28490114078801737,-0.6894348954852393,2.0062887013262403,"Nicole ""Snooki"" Polizzi",17,8,TV Personality,,Chile,1,0,0,0,0,0,0,0,0,0,1,0
4.304337543002282,1.1414708019324469,-0.3232839417559282,-0.7368014037925095,0.8588151049792051,Jack Osbourne,17,3,TV Personality,,England,2,1,0,0,0,0,0,0,0,0,1,0
-0.046312397259592915,-0.15876635686271168,0.2580465462525577,0.34564245068908434,2.7256775483233664,Bill Nye,17,11,TV Personality,Washington D.C.,United States,1,0,0,0,1,0,0,0,0,0,0,0
0.17091487091091043,-1.8202289529056819,-1.1599939648361206,0.8440718351831153,-0.5125958023584776,Billy Dee Williams,18,10,Actor/Actress,New York,United States,1,1,0,0,0,0,0,0,0,0,0,0
0.09031585631447861,-1.691481465240808,-1.1618412736170474,0.9141672801225262,-0.15592523040372186,Danica McKellar,18,6,Actor/Actress,California,United States,1,1,0,0,0,0,0,0,0,0,0,0
0.20401520637842946,-2.4031110973245657,-0.20751798188547332,0.01837902227432035,-1.2551033428153726,James Maslow,18,4,Actor/Actress,New York,United States,2,1,0,0,0,0,0,0,0,0,0,1
0.09031585631447861,-1.691481465240808,-1.1618412736170474,0.9141672801225262,-0.15592523040372186,Candace Cameron Bure,18,3,Actor/Actress,California,United States,1,1,0,0,0,0,0,0,0,0,0,0
2.734434477492294,3.5867269914145017,-0.07755394875422651,-0.669719732865284,0.0490241345603652,Sean Avery,18,11,Athlete,,Canada,1,0,0,0,0,0,0,0,0,1,0,0
-1.9817259614843288,1.3203707658854096,-0.5813943044343655,0.12143120630035077,-0.7117701752252654,Diana Nyad,18,12,Athlete,New York,United States,1,0,1,0,0,0,0,0,0,0,0,0
-2.2855956310020447,1.676501338064579,-0.8215321102215495,0.07494129836178791,-1.1114530716967193,Charlie White,18,5,Athlete,Michigan,United States,1,0,0,0,0,0,0,0,1,0,0,0
-1.335841781028317,1.1018145672478992,1.2498330478983168,-0.6415574685729171,0.5409501566060755,Amy Purdy,18,2,Athlete,Nevada,United States,1,0,0,0,0,0,0,0,0,1,0,0
-2.2855956310020447,1.676501338064579,-0.8215321102215495,0.07494129836178791,-1.1114530716967193,Meryl Davis,18,1,Athlete,Michigan,United States,1,0,0,0,0,0,0,0,1,0,0,0
-0.06130686888077934,-1.1487702983704315,-0.5713275653932469,0.7039552231411611,1.0163823313968334,Drew Carey,18,8,Comedian,Ohio,United States,2,1,0,0,1,0,0,0,0,0,0,0
3.427641984160947,1.2844837291682953,3.005508001445084,-2.8702210810329123,-1.5032285860881358,Cody Simpson,18,9,Singer/Rapper,,Australia,1,0,0,0,0,0,0,0,0,0,0,1
0.44074505393514657,-1.2673779736806328,-0.5528714369297182,0.36161250959032043,1.5262058968460799,NeNe Leakes,18,7,TV Personality,New York,United States,2,1,0,0,0,0,0,0,0,0,1,0
3.667985519336519,1.511717299502318,0.06232623062889567,-0.49045845647226144,-0.6586844870316364,Antonio Sabato Jr.,19,8,Actor/Actress,,Italy,1,0,0,0,0,0,0,0,0,1,0,0
-0.03360209403244394,-1.529273427282114,-0.8382399940772907,0.5415854892764688,-0.4917569933996211,Jonathan Bennett,19,9,Actor/Actress,Ohio,United States,1,1,0,0,0,0,0,0,0,0,0,0
-0.3461224674275979,-1.1046538320112873,-1.6294020679866184,0.8523414643143006,-1.1347863746623026,Lea Thompson,19,6,Actor/Actress,Minnesota,United States,1,1,0,0,0,0,0,0,0,0,0,0
0.2667922406923848,-1.9657084431638023,-1.1060730645535148,0.6422661651779241,-0.8111734473950569,Janel Parrish,19,3,Actor/Actress,Hawaii,United States,1,1,0,0,0,0,0,0,0,0,0,0
0.17091487091091043,-1.8202289529056819,-1.1599939648361206,0.8440718351831153,-0.5125958023584776,Alfonso Ribeiro,19,1,Actor/Actress,New York,United States,1,1,0,0,0,0,0,0,0,0,0,0
-3.6006791230947788,3.4191174873156265,-1.3201545037298956,-0.03615648096177731,-1.7147517118999691,Lolo Jones,19,13,Athlete,Iowa,United States,2,0,1,0,0,0,0,0,1,0,0,0
-2.7115251687629733,2.5808015985028763,-0.633426550405096,-0.008061222607430668,-0.4645021320495015,Randy Couture,19,11,Athlete,Washington,United States,1,0,1,0,0,0,0,0,0,0,0,0
3.76573293382585,1.5866772092089507,-0.7911667602117612,-0.17054407650211642,-0.3232350774517516,Tommy Chong,19,5,Comedian,,Canada,1,1,0,0,0,0,0,0,0,0,0,0
-0.3694471767821336,-0.2841663436658615,0.9498622785783992,0.07862011191369121,2.633355756542705,Betsey Johnson,19,10,Fashion Designer,Connecticut,United States,1,0,0,0,0,0,0,0,0,1,0,0
-0.2481474745085494,1.7155057132856077,1.2194909972518486,-1.2984049577254355,-0.3180876302634606,Michael Waltrip,19,7,Racing Driver,Kentucky,United States,1,0,1,0,0,0,0,0,0,0,0,0
-0.4232020758478165,-1.1373914815111483,0.22088409843488635,0.08025149951970419,0.2482169935383118,Tavis Smiley,19,12,Radio Personality,Mississippi,United States,1,1,0,0,0,0,0,0,0,0,0,0
-0.1676952592882164,-0.5775624476934487,0.21980758702313866,-0.09022570515810369,2.0770612737961183,Bethany Mota,19,4,Social Media Personality,California,United States,1,0,0,0,0,0,0,0,0,0,1,0
-0.24901272674198258,0.2322817379599228,0.9744843107963742,-0.21253884887789853,2.236493131213764,Sadie Robertson,19,2,TV Personality,Louisiana,United States,1,0,0,0,0,0,0,0,0,1,0,0
0.09031585631447861,-1.691481465240808,-1.1618412736170474,0.9141672801225262,-0.15592523040372186,Suzanne Somers,20,9,Actor/Actress,California,United States,1,1,0,0,0,0,0,0,0,0,0,0
0.03652398506832279,-1.503894188182733,-1.201576181976118,0.8793447555716568,-0.3054324542433245,Willow Shields,20,7,Actor/Actress,New Mexico,United States,1,1,0,0,0,0,0,0,0,0,0,0
0.39253333648721306,-2.718751699163082,-0.15420057414908753,-0.20134775768755253,-0.9931996691312001,Riker Lynch,20,2,Actor/Actress,Colorado,United States,2,1,0,0,0,0,0,0,0,0,0,1
0.1654772893392686,-1.7704481269907497,-0.24573728677045095,0.055186236685117275,-0.8306056772630487,Rumer Willis,20,1,Actor/Actress,Kentucky,United States,1,1,0,0,0,0,0,0,0,0,0,0
0.4102883522748678,6.342899161514948,-0.7729561631054988,-1.1417301638568973,-2.444668245658008,Nastia Liukin,20,4,Athlete,,Russia,2,0,1,0,0,0,0,0,1,0,0,0
-2.1055004067016503,1.6601333028379692,-0.27763252163483854,-0.09365756987433133,-0.12975739595718208,Michael Sam,20,10,Athlete,Texas,United States,1,0,1,0,0,0,0,0,0,0,0,0
4.990618677523955,4.71348509279564,12.491381684875362,19.896713042351394,-7.006310676493413,Robert Herjavec,20,6,Entrepreneur,,Croatia,1,0,0,0,0,0,1,0,0,0,0,0
1.0668835100200298,-0.175375060448002,-2.4095516552367875,-0.05646640661522181,-1.4227234568856795,Charlotte McKinney,20,11,Model,Florida,United States,2,1,0,0,0,0,0,1,0,0,0,0
-0.9500002061933752,0.7278264708372151,1.0621168317371428,0.035580023687387066,2.534706676102931,Noah Galloway,20,3,Motivational Speaker,Alabama,United States,1,0,0,0,0,0,0,0,0,1,0,0
-0.4992002250472562,-1.4022228525792293,2.046567159403592,-1.4059705215948954,-0.9288334598163218,Redfoo,20,12,Singer/Rapper,California,United States,1,0,0,0,0,0,0,0,0,0,0,1
-0.5169393808273516,-1.2010755643191404,1.8348853836787193,-1.6376605454894075,-1.3842389913223956,Patti LaBelle,20,8,Singer/Rapper,Pennsylvania,United States,1,0,0,0,0,0,0,0,0,0,0,1
-0.5958774977051516,0.4998477335517854,-0.26732375256636787,-0.024443589156662737,1.5013106800653788,Chris Soules,20,5,TV Personality,Iowa,United States,1,0,0,0,0,0,0,0,0,0,1,0
0.04714042569358832,-1.4804664159531224,-0.8562321820365935,0.628983059008433,0.06941697690960569,Gary Busey,21,10,Actor/Actress,Texas,United States,1,1,0,0,0,0,0,0,0,0,0,0
-0.119685311426976,-1.204585388996098,-0.9299025198143681,0.4245291128489513,-0.5761632579474069,Alexa PenaVega,21,6,Actor/Actress,Florida,United States,1,1,0,0,0,0,0,0,0,0,0,0
0.2875232991578041,-2.6938123970434145,0.13335607313623526,-0.6368451848726768,-2.2051189818236847,Carlos PenaVega,21,4,Actor/Actress,Missouri,United States,2,1,0,0,0,0,0,0,0,0,0,1
2.6001885371983895,3.729992638419076,0.5544359862064548,-0.6317807312398883,1.1852116002775364,Victor Espinoza,21,12,Athlete,,Mexico,1,0,0,0,0,0,0,0,0,1,0,0
-0.5991920572270719,-0.06240949678694294,0.6208035524952207,0.5923889864470687,2.3591902616116442,Alek Skarlatos,21,3,Military,California,United States,1,0,0,0,0,0,0,0,0,1,0,0
-0.5655018442151681,-1.3203175342648077,1.91887244480466,-1.5012381598517506,-1.297512130465825,Chaka Khan,21,13,Singer/Rapper,Illinois,United States,1,0,0,0,0,0,0,0,0,0,0,1
-0.4992002250472562,-1.4022228525792293,2.046567159403592,-1.4059705215948954,-0.9288334598163218,Andy Grammer,21,7,Singer/Rapper,California,United States,1,0,0,0,0,0,0,0,0,0,0,1
-0.03965554153455797,-2.2598120795884395,2.3832885652930567,-2.254894156444856,-1.4130371509912252,Tamar Braxton,21,5,Singer/Rapper,Maryland,United States,3,1,0,0,0,0,0,0,0,0,1,1
-0.41860121045082466,-1.5309703402441046,2.048414468184517,-1.476065966534306,-1.2855040317710773,Nick Carter,21,2,Singer/Rapper,New York,United States,1,0,0,0,0,0,0,0,0,0,0,1
-0.3900683377896447,-0.19918617778434766,0.8030565887490935,-0.8023532939199508,1.917337997122839,Hayes Grier,21,8,Social Media Personality,North Carolina,United States,1,0,0,0,0,0,0,0,0,0,1,0
4.068710323625106,1.703041658386083,0.44304300753927933,-0.919454052251165,0.6126038378227131,Bindi Irwin,21,1,TV Personality,,Australia,1,1,0,0,0,0,0,0,0,0,0,0
0.1501448715972603,-0.6517344097710482,-0.3227799919079661,-0.057930212743842704,1.4626384412571514,Kim Zolciak-Biermann,21,11,TV Personality,Florida,United States,2,1,0,0,0,0,0,0,0,0,1,0
-0.18488543023865708,0.10109674531776937,1.0559327444306974,-0.19200679191477363,2.284369359120083,Paula Deen,21,9,TV Personality,Georgia,United States,1,0,0,0,0,0,0,0,0,1,0,0
4.034507359978044,0.5886198227073959,-0.9304064696623302,-0.25434207819971627,-1.1799865942253525,Mischa Barton,22,11,Actor/Actress,,England,1,1,0,0,0,0,0,0,0,0,0,0
0.38919279583272487,-1.9751945155599968,-1.1988148760445514,0.7309832825259949,0.18328170234783203,Kim Fields,22,8,Actor/Actress,New York,United States,2,1,0,0,0,0,0,0,0,0,1,0
0.09031585631447861,-1.691481465240808,-1.1618412736170474,0.9141672801225262,-0.15592523040372186,Jodie Sweetin,22,6,Actor/Actress,California,United States,1,1,0,0,0,0,0,0,0,0,0,0
-2.1757948957950064,1.4288529640930496,0.3459950554941686,-0.7591277760286881,-1.2237872701303332,Doug Flutie,22,9,Athlete,Maryland,United States,1,0,1,0,0,0,0,0,0,0,0,0
-2.1055004067016503,1.6601333028379692,-0.27763252163483854,-0.09365756987433133,-0.12975739595718208,Von Miller,22,7,Athlete,Texas,United States,1,0,1,0,0,0,0,0,0,0,0,0
-2.2723261438222115,1.936014329794994,-0.35130285941261286,-0.2981115160338129,-0.775337630814194,Antonio Brown,22,5,Athlete,Florida,United States,1,0,1,0,0,0,0,0,0,0,0,0
-1.795369770209142,2.3939989772743946,-2.299720987271829,-0.09477481515527535,-1.5200637743615284,Paige VanZant,22,2,Athlete,Oregon,United States,2,0,1,0,0,0,0,1,0,0,0,0
0.01997725948822164,-0.5676755166161763,-0.7371415283041222,1.5035058105323555,4.350100952641106,Geraldo Rivera,22,12,Journalist,New York,United States,2,0,0,0,1,1,0,0,0,0,0,0
1.3574836923579148,-0.7910186243575866,-2.6396431002585374,0.36307631571894167,-1.3591560012967503,Nyle DiMarco,22,1,Model,New York,United States,2,1,0,0,0,0,0,1,0,0,0,0
0.00558532145623582,0.2786584104925179,0.6965960038094464,0.2723052346559677,2.34889834513527,Ginger Zee,22,3,News Anchor,California,United States,1,0,0,0,0,0,0,0,0,1,0,0
-0.4831210016301859,-0.30567501979076683,1.2739641426233375,-0.7935922610955554,0.20743110178556912,Wanya Morris,22,4,Singer/Rapper,Pennsylvania,United States,1,0,0,0,0,0,0,0,0,1,0,0
0.10293253340178944,-0.8937800296893815,0.11068365092386766,0.004437081675778161,1.1238132774476244,Marla Maples,22,10,TV Personality,Georgia,United States,1,1,0,0,0,0,0,0,0,0,0,0
0.17091487091091043,-1.8202289529056819,-1.1599939648361206,0.8440718351831153,-0.5125958023584776,Jake T. Austin,23,13,Actor/Actress,New York,United States,1,1,0,0,0,0,0,0,0,0,0,0
0.09031585631447861,-1.691481465240808,-1.1618412736170474,0.9141672801225262,-0.15592523040372186,Maureen McCormick,23,8,Actor/Actress,California,United States,1,1,0,0,0,0,0,0,0,0,0,0
0.024014237146566857,-1.609576146926387,-1.289535988215978,0.8188996418656704,-0.5246039010532253,Marilu Henner,23,6,Actor/Actress,Illinois,United States,1,1,0,0,0,0,0,0,0,0,0,0
-2.918793249759612,2.3342501549808725,-1.0520078364816818,0.1350802727095973,-1.378462966097879,Ryan Lochte,23,7,Athlete,New York,United States,2,0,1,0,0,0,0,0,1,0,0,0
-2.1012605570958693,1.5390031472223444,0.043339872210789596,-0.34883277427131193,-0.4182852899174105,Calvin Johnson Jr.,23,3,Athlete,Georgia,United States,1,0,1,0,0,0,0,0,0,0,0,0
-2.9805519358360884,2.708760508290304,-0.18308824504746718,1.065736899391733,-1.268279952407036,Laurie Hernandez,23,1,Athlete,New Jersey,United States,2,0,1,0,0,0,0,0,1,0,0,0
1.2591455219813872,-0.4611238484326228,-2.853172184764335,0.2014817367638401,-1.457890960848067,Amber Rose,23,9,Model,Pennsylvania,United States,2,1,0,0,0,0,0,1,0,0,0,0
-0.6443584574687392,0.19681451973298522,1.0763337623636802,0.14619930884801524,2.6194991703724875,Rick Perry,23,12,Politician,Texas,United States,1,0,0,0,0,0,0,0,0,1,0,0
4.473450546039715,3.932081112899765,0.8090746748663168,-1.3006702983930731,0.7607165544267418,James Hinchcliffe,23,2,Racing Driver,,Canada,1,0,0,0,0,0,0,0,0,1,0,0
-0.3630958518135107,-1.655063214323955,2.3275297356215616,-1.7728655099467647,-1.2314273362198425,Babyface,23,11,Singer/Rapper,Indiana,United States,1,0,0,0,0,0,0,0,0,0,0,1
-0.1876389773630142,-1.8735661781892057,1.7984818993724792,-1.4763353976333795,-1.0148847815243838,Vanilla Ice,23,10,Singer/Rapper,Texas,United States,2,1,0,0,0,0,0,0,0,0,0,1
-0.26662291066101457,-1.9523843122115414,1.3992886531651227,-1.3876221835636535,-1.8423194399034037,Jana Kramer,23,4,Singer/Rapper,Michigan,United States,2,1,0,0,0,0,0,0,0,0,0,1
-0.18912527984443644,0.22222690093339437,0.7349603505850698,0.06316841248220689,2.5728972530803125,Terra Jole,23,5,TV Personality,Texas,United States,1,0,0,0,0,0,0,0,0,1,0,0
4.034874455832501,-0.5759373850919957,0.004132019796981613,-1.1041590627400744,-3.123070736953177,Charo,24,11,Actor/Actress,,Spain,2,1,0,0,0,0,0,0,0,0,0,1
0.024014237146566857,-1.609576146926387,-1.289535988215978,0.8188996418656704,-0.5246039010532253,Mr. T,24,10,Actor/Actress,Illinois,United States,1,1,0,0,0,0,0,0,0,0,0,0
0.09031585631447861,-1.691481465240808,-1.1618412736170474,0.9141672801225262,-0.15592523040372186,Heather Morris,24,8,Actor/Actress,California,United States,1,1,0,0,0,0,0,0,0,0,0,0
-3.5318028512025412,3.294521697810264,-0.8666223316595224,-0.24678957199975923,-1.5446510514692555,Nancy Kerrigan,24,7,Athlete,Massachusetts,United States,2,0,1,0,0,0,0,0,1,0,0,0
-0.6810022223562224,0.8094424700721624,-0.9766204583159529,-0.033176541076971176,-0.13763892702075814,Bonner Bolton,24,5,Athlete,Texas,United States,1,0,0,0,0,0,0,1,0,0,0,0
-3.123310214702968,2.6252056806044406,-0.7302538657228517,-0.16740607319704906,-1.357624157139022,Simone Biles,24,4,Athlete,Ohio,United States,2,0,1,0,0,0,0,0,1,0,0,0
-2.1012605570958693,1.5390031472223444,0.043339872210789596,-0.34883277427131193,-0.4182852899174105,David Ross,24,2,Athlete,Georgia,United States,1,0,1,0,0,0,0,0,0,0,0,0
-2.271232985495249,1.8502831426705522,-0.12750709520059378,-0.20278983865983308,-0.5436622178358749,Rashad Jennings,24,1,Athlete,Virginia,United States,1,0,1,0,0,0,0,0,0,0,0,0
-0.12815180780963137,-1.1571063483922928,-0.5793924931095987,0.7753143668451326,0.6342355108805401,Chris Kattan,24,12,Comedian,California,United States,1,1,0,0,0,0,0,0,0,0,0,0
0.03487879716457951,-2.149661896459147,2.0806333820096787,-1.8445991546874807,-0.607535170778302,Erika Jayne,24,9,Singer/Rapper,Georgia,United States,3,1,0,0,0,0,0,0,0,0,1,1
-0.5381358060623667,-1.3123379589071698,2.6731486448296735,-1.9463299471059692,-0.9920191464632225,Normani,24,3,Singer/Rapper,Georgia,United States,1,0,0,0,0,0,0,0,0,0,0,1
-0.06604022399340571,0.03571573463554798,0.377250769449634,-0.08326684822038415,3.0057429083571354,Nick Viall,24,6,TV Personality,Wisconsin,United States,1,0,0,0,0,0,0,0,0,0,1,0
3.9880529610991005,0.2932115827041849,-1.6315122843149357,0.3472994685285265,-1.775972766955852,Sasha Pieterse,25,10,Actor/Actress,,South Africa,1,1,0,0,0,0,0,0,0,0,0,0
0.10915618483443468,-1.4457185995962518,-0.29107437340190656,1.77472846186525,-0.4024127886676344,Frankie Muniz,25,3,Actor/Actress,New Jersey,United States,1,1,0,0,0,0,0,0,0,0,0,0
-0.12458672827943924,-1.7444033238255645,0.04762230644038249,-0.22827806054330974,-0.8016897988301565,Jordan Fisher,25,1,Actor/Actress,Alabama,United States,2,1,0,0,0,0,0,0,0,0,0,1
-2.4493347661722513,2.165045392089573,-0.28306362308068544,-0.02416044433987363,-0.17219020620575604,Derek Fisher,25,11,Athlete,Arkansas,United States,1,0,1,0,0,0,0,0,0,0,0,0
-1.159450264143184,0.8429434338132558,0.1342203183479369,0.27613871048196537,1.0064947228926582,Nikki Bella,25,8,Athlete,California,United States,1,0,0,0,0,0,0,0,0,1,0,0
-2.3103278961421974,1.979078539384412,-0.3262540161085111,-0.12522587651727715,-0.25835663124004693,Terrell Owens,25,6,Athlete,Alabama,United States,1,0,1,0,0,0,0,0,0,0,0,0
-2.478999479731351,2.3276044563379097,-1.2136852197662813,0.3793048443544028,0.16202162691162567,Victoria Arlen,25,5,Athlete,New Hamshire,United States,2,0,1,0,1,0,0,0,0,0,0,0
0.8179174435437659,1.518673694411842,7.933034793606714,12.895824887802377,-3.2853251109071993,Barbara Corcoran,25,13,Entrepreneur,New Jersey,United States,1,0,0,0,0,0,1,0,0,0,0,0
-0.599192057227068,-0.06240949678693796,0.6208035524952228,0.5923889864470568,2.3591902616116522,Lindsey Stirling,25,2,Musician,California,United States,1,0,0,0,0,0,0,0,0,1,0,0
-0.06386453214569338,-2.213328715141766,1.4947201165729536,-1.261246621458698,-1.5968975607924663,Debbie Gibson,25,12,Singer/Rapper,New York,United States,2,1,0,0,0,0,0,0,0,0,0,1
-0.4240387920224659,-1.4811895143291705,2.9626711462501873,-2.2649515650323044,-1.603513906675647,Nick Lachey,25,9,Singer/Rapper,Kentucky,United States,1,0,0,0,0,0,0,0,0,0,0,1
3.871779067023026,2.2886050212006332,-0.4895141018162194,-0.31465863409392,1.258900488295815,Drew Scott,25,4,TV Personality,,Canada,1,0,0,0,1,0,0,0,0,0,0,0
4.330815571705405,1.1192110439768792,-1.0641190061219774,0.22750409544708783,1.9630302698501816,Vanessa Lachey,25,7,TV Personality,,Philippines,2,1,0,0,1,0,0,0,0,0,0,0
-2.163436267083153,1.5443044227992297,-0.7279479555946459,0.271412305406155,-0.5093606206310262,Jamie Anderson,26,10,Athlete,California,United States,1,0,0,0,0,0,0,0,1,0,0,0
-2.476780104817238,2.044345393297915,-0.9138883267077623,0.07359310490095534,-1.1940434610040582,Johnny Damon,26,9,Athlete,Kansas,United States,1,0,1,0,0,0,0,0,0,0,0,0
-1.9817259614843288,1.3203707658854096,-0.5813943044343655,0.12143120630035077,-0.7117701752252654,Kareem Abdul-Jabbar,26,8,Athlete,New York,United States,1,0,1,0,0,0,0,0,0,0,0,0
-1.2308998491701757,1.3349312795668986,0.5124954818966538,-0.024016747192541345,1.8179676334275712,Arike Ogunbowale,26,7,Athlete,Wisconsin,United States,1,0,0,0,0,0,0,0,0,1,0,0
-2.163436267083153,1.5443044227992297,-0.7279479555946459,0.271412305406155,-0.5093606206310262,Jennie Finch Daigle,26,6,Athlete,California,United States,1,0,0,0,0,0,0,0,1,0,0,0
-3.5318028512025412,3.294521697810264,-0.8666223316595224,-0.24678957199975923,-1.5446510514692555,Chris Mazdzer,26,5,Athlete,Massachusetts,United States,2,0,1,0,0,0,0,0,1,0,0,0
-2.999392264356044,2.462997642645747,-1.0538551452626088,0.20517571764900858,-1.0217923941431237,Mirai Nagasu,26,4,Athlete,California,United States,2,0,1,0,0,0,0,0,1,0,0,0
-3.3209792455569636,3.3398759792891477,-1.7454393929700684,-0.07537018978624253,-1.666443260658469,Tonya Harding,26,3,Athlete,Oregon,United States,2,0,1,0,0,0,0,0,1,0,0,0
-2.115617615638418,1.6165896221927274,-0.7241930588330923,0.18400705192636685,-0.37185079961655204,Josh Norman,26,2,Athlete,South Carolina,United States,1,0,1,0,0,0,0,0,0,0,0,0
-3.01713142013614,2.664144930905836,-1.2655369209874796,-0.026514306245504222,-1.4771979256491967,Adam Rippon,26,1,Athlete,Pennsylvania,United States,2,0,1,0,0,0,0,0,1,0,0,0
3.9880529610991022,0.29321158270418674,-1.6315122843149366,0.3472994685285252,-1.7759727669558567,Juan Pablo Di Pace,27,5,Actor/Actress,,Argentina,1,1,0,0,0,0,0,0,0,0,0,0
3.9880529610991013,0.2932115827041855,-1.631512284314936,0.3472994685285256,-1.7759727669558552,Evanna Lynch,27,3,Actor/Actress,,Ireland,1,1,0,0,0,0,0,0,0,0,0,0
0.17091487091091043,-1.8202289529056819,-1.1599939648361206,0.8440718351831153,-0.5125958023584776,Nancy McKeon,27,11,Actor/Actress,New York,United States,1,1,0,0,0,0,0,0,0,0,0,0
0.20401520637842946,-2.4031110973245657,-0.20751798188547332,0.01837902227432035,-1.2551033428153726,John Schneider,27,8,Actor/Actress,New York,United States,2,1,0,0,0,0,0,0,0,0,0,1
-0.2686662069736877,-1.8604209892485017,-0.971178401298989,1.006777857423729,-0.25149361566223716,Milo Manheim,27,2,Actor/Actress,California,United States,1,0,0,1,0,0,0,0,0,0,0,0
-1.2132421353893417,1.0305307108713333,0.09448540998886648,0.24131618593109622,0.8569874990530553,Danelle Umstead,27,12,Athlete,New Mexico,United States,1,0,0,0,0,0,0,0,0,1,0,0
-4.074351731378289,4.068865384826402,-1.4799923089436877,-0.12621139679064325,-2.3501252482559933,Mary Lou Retton,27,9,Athlete,West Virginia,United States,2,0,1,0,0,0,0,0,1,0,0,0
-2.3103278961421974,1.979078539384412,-0.3262540161085111,-0.12522587651727715,-0.25835663124004693,DeMarcus Ware,27,7,Athlete,Alabama,United States,1,0,1,0,0,0,0,0,0,0,0,0
-0.4160435471859104,-0.46641192347276983,-0.017633213781683314,0.48913587806555253,1.3277758604182224,Nikki Glaser,27,13,Comedian,Ohio,United States,1,0,0,0,1,0,0,0,0,0,0,0
-0.9960858575495567,0.5621904324705741,0.799739133381783,0.3077912467573876,2.2015442642143683,Bobby Bones,27,1,Radio Personality,Arkansas,United States,1,0,0,0,0,0,0,0,0,1,0,0
-0.4240387920224659,-1.4811895143291705,2.9626711462501873,-2.2649515650323044,-1.603513906675647,Tinashe,27,10,Singer/Rapper,Kentucky,United States,1,0,0,0,0,0,0,0,0,0,0,1
0.4208469277843221,-0.5095600606127387,-0.8050875393259399,-0.09598126411788994,1.5567479692204444,Alexis Ren,27,4,Social Media Personality,California,United States,2,0,0,0,0,0,0,1,0,0,1,0
0.29384442017080215,-1.056725167701336,-0.6824134603095763,0.3364403162728767,1.5141977981513335,Joe Amabile,27,6,TV Personality,Illinois,United States,2,1,0,0,0,0,0,0,0,0,1,0
0.07257670053438313,-1.4903341769807192,-1.373523049341918,0.6824772562280133,-0.6113307619097953,Kate Flannery,28,7,Actor/Actress,Pennsylvania,United States,1,1,0,0,0,0,0,0,0,0,0,0
0.2527334095765704,-1.8401994770404462,-0.9702222689308555,0.6218990147469695,-0.0048078270274645694,James Van Der Beek,28,5,Actor/Actress,Connecticut,United States,1,1,0,0,0,0,0,0,0,0,0,0
0.024014237146566857,-1.609576146926387,-1.289535988215978,0.8188996418656704,-0.5246039010532253,Kel Mitchell,28,2,Actor/Actress,Illinois,United States,1,1,0,0,0,0,0,0,0,0,0,0
-2.2723261438222115,1.936014329794994,-0.35130285941261286,-0.2981115160338129,-0.775337630814194,Ray Lewis,28,11,Athlete,Florida,United States,1,0,1,0,0,0,0,0,0,0,0,0
-1.9817259614843288,1.3203707658854096,-0.5813943044343655,0.12143120630035077,-0.7117701752252654,Lamar Odom,28,10,Athlete,New York,United States,1,0,1,0,0,0,0,0,0,0,0,0
1.0027470140527834,-0.10866024945992471,-2.085948748646974,0.14825697064333296,-1.0477624722753611,Sailor Brinkley-Cook,28,9,Model,New York,United States,1,0,0,0,0,0,0,1,0,0,0,0
-0.5205840122514171,-0.14294801721957426,0.7725719795641525,0.36128808502269716,2.037486391104405,Sean Spicer,28,6,Politician,New York,United States,1,0,0,0,0,0,0,0,0,1,0,0
-0.6755917419323878,-1.1433517191445857,3.1621798889539705,-2.3236667006497775,-1.3943780261029044,Mary Wilson,28,12,Singer/Rapper,Nevada,United States,1,0,0,0,0,0,0,0,0,0,0,1
-0.5381358060623667,-1.3123379589071698,2.6731486448296735,-1.9463299471059692,-0.9920191464632225,Lauren Alaina,28,4,Singer/Rapper,Georgia,United States,1,0,0,0,0,0,0,0,0,0,0,1
-0.5423756556681454,-1.1912078032915439,2.352176250984043,-1.6911547427089881,-0.7034912525029949,Ally Brooke,28,3,Singer/Rapper,Texas,United States,1,0,0,0,0,0,0,0,0,0,0,1
-0.18912527984443644,0.22222690093339437,0.7349603505850698,0.06316841248220689,2.5728972530803125,Karamo Brown,28,8,TV Personality,Texas,United States,1,0,0,0,0,0,0,0,0,1,0,0
-0.24259355902785334,0.0736881747160323,0.2559632030077,-0.09986391830291616,2.291012969852687,Hannah Brown,28,1,TV Personality,Alabama,United States,1,0,0,0,0,0,0,0,0,0,1,0
-0.03360209403244394,-1.529273427282114,-0.8382399940772907,0.5415854892764688,-0.4917569933996211,Anne Heche,29,13,Actor/Actress,Ohio,United States,1,1,0,0,0,0,0,0,0,0,0,0
0.09031585631447861,-1.691481465240808,-1.1618412736170474,0.9141672801225262,-0.15592523040372186,Jesse Metcalfe,29,12,Actor/Actress,California,United States,1,1,0,0,0,0,0,0,0,0,0,0
0.1654772893392686,-1.7704481269907497,-0.24573728677045095,0.055186236685117275,-0.8306056772630487,Chrishell Stause,29,8,Actor/Actress,Kentucky,United States,1,1,0,0,0,0,0,0,0,0,0,0
0.16666948592787537,-2.671526851811037,-1.523025444129626,1.1515017575599271,-0.9195577166383814,Skai Jackson,29,5,Actor/Actress,New York,United States,2,1,0,1,0,0,0,0,0,0,0,0
0.024014237146566857,-1.609576146926387,-1.289535988215978,0.8188996418656704,-0.5246039010532253,Justina Machado,29,4,Actor/Actress,Illinois,United States,1,1,0,0,0,0,0,0,0,0,0,0
-2.186242926427684,1.6113262915089779,-0.2596403336755355,-0.18105513960629557,-0.6909313662664085,Charles Oakley,29,15,Athlete,Ohio,United States,1,0,1,0,0,0,0,0,0,0,0,0
-1.1836569867903248,1.1393556133511562,0.6700066993145513,-0.00941864808227885,1.5158011945879182,Veron Davis,29,11,Athlete,Washington D.C.,United States,1,0,0,0,0,0,0,0,0,1,0,0
-3.01713142013614,2.664144930905836,-1.2655369209874796,-0.026514306245504222,-1.4771979256491967,Johnny Weir,29,6,Athlete,Pennsylvania,United States,2,0,1,0,0,0,0,0,1,0,0,0
-0.31000055594598563,-0.9498332673100428,-0.5902799818845887,0.9663783318361515,1.4740977525755479,Nev Schulman,29,2,Producer,New York,United States,1,0,0,0,1,0,0,0,0,0,0,0
-0.7092013927887107,-0.9153267763345192,2.2785059132062733,-1.8956086888684702,-1.3490714873600058,AJ McLean,29,7,Singer/Rapper,Florida,United States,1,0,0,0,0,0,0,0,0,0,0,1
-0.5423756556681454,-1.1912078032915439,2.352176250984043,-1.6911547427089881,-0.7034912525029949,Nelly,29,3,Singer/Rapper,Texas,United States,1,0,0,0,0,0,0,0,0,0,0,1
3.8992941026690655,2.2875114464831494,-0.21279866120124485,-0.7289698338931264,1.236799409489933,Kaitlyn Bristowe,29,1,TV Personality,,Canada,1,0,0,0,0,0,0,0,0,0,1,0
-0.18912527984443644,0.22222690093339437,0.7349603505850698,0.06316841248220689,2.5728972530803125,Carole Baskin,29,14,TV Personality,Texas,United States,1,0,0,0,0,0,0,0,0,1,0,0
-0.39395276928498313,0.5411721374798363,0.6863388561113971,0.03160010583926108,2.444298017797447,Monica Aldama,29,10,TV Personality,Alabama,United States,1,0,0,0,0,0,0,0,0,1,0,0
0.33263100369267484,-1.1375369112982732,-0.8314341863256206,0.8460191543289383,1.9049775476067201,Jeannie Mai,29,9,TV Personality,California,United States,2,1,0,0,1,0,0,0,0,0,0,0
0.17091487091091043,-1.8202289529056819,-1.1599939648361206,0.8440718351831153,-0.5125958023584776,Martin Kove,30,15,Actor/Actress,New York,United States,1,1,0,0,0,0,0,0,0,0,0,0
0.09031585631447861,-1.691481465240808,-1.1618412736170474,0.9141672801225262,-0.15592523040372186,Brian Austin Green,30,13,Actor/Actress,California,United States,1,1,0,0,0,0,0,0,0,0,0,0
0.04714042569358832,-1.4804664159531224,-0.8562321820365935,0.628983059008433,0.06941697690960569,Melora Hardin,30,6,Actor/Actress,Texas,United States,1,1,0,0,0,0,0,0,0,0,0,0
-1.2304641323874832,0.7538357409585559,0.2870936669701951,-0.5674529024220587,0.6934863982746183,Matt James,30,12,Athlete,North Carolina,United States,1,0,0,0,0,0,0,0,0,0,1,0
-1.283368214490109,1.0051514717719507,0.45782159788769367,-0.09644308036409231,0.6706629598967581,"Mike ""The Miz"" Mizanin",30,9,Athlete,Ohio,United States,1,0,0,0,0,0,0,0,0,1,0,0
-3.435830588098121,3.049825275875266,-1.5214159396321787,0.143349901840783,-2.000653538401705,Suni Lee,30,5,Athlete,Minnesota,United States,2,0,1,0,0,0,0,0,1,0,0,0
-2.128626595248672,1.5310235718647045,-0.7109363278142226,0.0962590129829066,-0.7237782739200113,Iman Shumpert,30,1,Athlete,Illinois,United States,1,0,1,0,0,0,0,0,0,0,0,0
-0.5991920572270678,-0.06240949678693864,0.6208035524952247,0.5923889864470607,2.359190261611644,Cody Rigsby,30,3,Fitness Instructor,California,United States,1,0,0,0,0,0,0,0,0,1,0,0
3.444991278616309,0.8778784353689745,2.2780019633583084,-2.574479879917136,-1.9528948236379535,Melanie C,30,11,Singer/Rapper,,England,1,0,0,0,0,0,0,0,0,0,0,1
-0.5382817967324182,-1.6966424565510996,3.850815844070553,-2.9637536488902376,-2.18572161949551,Jimmie Allen,30,7,Singer/Rapper,Delaware,United States,1,0,0,0,0,0,0,0,0,0,0,1
-0.1676952592882164,-0.5775624476934487,0.21980758702313866,-0.09022570515810369,2.0770612737961183,Olivia Jade,30,8,Social Media Personality,California,United States,1,0,0,0,0,0,0,0,0,0,1,0
-0.022003267304393042,-1.3341326455024354,2.342855904466975,-2.0969464781018545,1.9248873435209066,JoJo Siwa,30,2,Social Media Personality,Nebraska,United States,2,0,0,0,0,0,0,0,0,0,1,1
3.65384748156894,2.832136737669746,1.1009713156026713,-0.6473276893899834,2.765978680274842,Christine Chiu,30,14,TV Personality,,Taiwan China,1,0,0,0,0,0,0,0,0,1,0,0
-0.11675000288530592,-0.32407519585274547,-0.09460854872598519,0.02041760240975591,1.592177546756532,Kenya Moore,30,10,TV Personality,Michigan,United States,1,0,0,0,0,0,0,0,0,0,1,0
-0.14602362495937912,-0.29297049844191875,0.04586144482570119,0.25861801840727167,1.8805393136322102,Amanda Kloots,30,4,TV Personality,Ohio,United States,1,0,0,0,1,0,0,0,0,0,0,0
0.09031585631447861,-1.691481465240808,-1.1618412736170474,0.9141672801225262,-0.15592523040372186,Jason Lewis,31,16,Actor/Actress,California,United States,1,1,0,0,0,0,0,0,0,0,0,0
0.29614030311100703,-2.125973937195244,-1.6654320459319798,1.1201018033017356,-0.7792214728640905,Cheryl Ladd,31,14,Actor/Actress,South Dakota,United States,1,1,0,0,0,0,0,0,0,0,0,0
-0.03184350760441141,-1.5592845499754573,-1.2554254282439519,0.7176962730781596,-0.7580176814694146,Selma Blair,31,12,Actor/Actress,Michigan,United States,1,1,0,0,0,0,0,0,0,0,0,0
0.09031585631447861,-1.691481465240808,-1.1618412736170474,0.9141672801225262,-0.15592523040372186,Joseph Baena,31,11,Actor/Actress,California,United States,1,1,0,0,0,0,0,0,0,0,0,0
0.6788580433870166,-1.6234790781600978,-2.186736399966125,0.9084117211627399,-0.6762385349793951,Trevor Donovan,31,6,Actor/Actress,California,United States,2,1,0,0,0,0,0,1,0,0,0,0
-0.03184350760441141,-1.5592845499754573,-1.2554254282439519,0.7176962730781596,-0.7580176814694146,Daniel Durant,31,5,Actor/Actress,Michigan,United States,1,1,0,0,0,0,0,0,0,0,0,0
-0.16708738882474183,-1.0672214547202323,0.047188992316483734,0.23495494133405864,0.5710498242336381,Wayne Brady,31,3,Comedian,Georgia,United States,1,1,0,0,0,0,0,0,0,0,0,0
0.0807467544810256,0.1996917487425764,1.6126999906560444,-0.5866758087814415,1.6742178982759415,Sam Champion,31,13,News Anchor,Kentucky,United States,1,0,0,0,0,0,0,0,0,1,0,0
3.36628740161523,0.8060991371567462,2.325485570142704,-2.614152384599129,-2.5921487981166953,Jessie James Decker,31,10,Singer/Rapper,,Italy,1,0,0,0,0,0,0,0,0,0,0,1
-0.1451629699836806,-2.3113836067375333,1.848395088397083,-1.6017022416682605,-1.9566029396839186,Jordin Sparks,31,9,Singer/Rapper,Arizona,United States,2,1,0,0,0,0,0,0,0,0,0,1
-0.27075813680665245,-0.3564925613792349,0.7649406388148967,-0.6511171876323028,1.9659993592428968,Heidi D'Amelio,31,8,Social Media Personality,Louisiana,United States,1,0,0,0,0,0,0,0,0,0,1,0
-0.00527770602612456,-0.7262804594930861,0.41142659170933077,-0.3824939705336614,2.228178677172375,Charli D'Amelio,31,1,Social Media Personality,Connecticut,United States,1,0,0,0,0,0,0,0,0,0,1,0
0.024249689553539306,-0.21050924547353886,0.86974250611606,1.0774497911968468,1.947782439558312,Teresa Giudice,31,15,TV Personality,New Jersey,United States,1,0,0,0,0,0,0,0,0,0,1,0
0.08600837563001516,-0.5850195987829702,0.0008229146818458922,0.14679316451471153,1.8375994258674695,Vinny Guadagnino,31,7,TV Personality,New York,United States,1,0,0,0,0,0,0,0,0,0,1,0
-0.18912527984443644,0.22222690093339437,0.7349603505850698,0.06316841248220689,2.5728972530803125,Shangela,31,4,TV Personality,Texas,United States,1,0,0,0,0,0,0,0,0,1,0,0
-0.06089225813432928,-0.3743667928036739,-0.12871910869801198,0.12162097119726775,1.8255913271727227,Gabby Windey,31,2,TV Personality,Illinois,United States,1,0,0,0,0,0,0,0,0,0,1,0
-0.29944607935616424,-0.6853826906689395,0.44997986858432387,0.07805269012410267,0.39476905932989226,Jamie Lynn Spears,32,13,Actor/Actress,Mississippi,United States,1,0,0,0,0,0,0,0,0,1,0,0
-0.11690309272953625,-0.8253521778985308,-0.21474487132929002,0.6476279615925635,0.647960279313981,Mira Sorvino,32,10,Actor/Actress,New York,United States,1,0,0,0,0,0,0,0,0,1,0,0
-0.19750210732596804,-0.6966046902336568,-0.2165921801102176,0.7177234065319741,1.0046308512687359,Barry Williams,32,7,Actor/Actress,California,United States,1,0,0,0,0,0,0,0,0,1,0,0
-0.2217088299731071,-0.400192510695759,0.3191942008563966,0.4321660479677297,1.5139373229639972,Alyson Hannigan,32,5,Actor/Actress,Washington D.C.,United States,1,0,0,0,0,0,0,0,0,1,0,0
-0.19750210732596804,-0.6966046902336568,-0.2165921801102176,0.7177234065319741,1.0046308512687359,Xochitl Gomez,32,1,Actor/Actress,California,United States,1,0,0,0,0,0,0,0,0,1,0,0
-1.2026256947640757,1.0539584831009423,0.43982940992839065,-0.009045510632127971,1.2318369302059848,Adrian Peterson,32,11,Athlete,Texas,United States,1,0,0,0,0,0,0,0,0,1,0,0
-0.4822713906179895,-0.08032425507072118,0.23816188579830083,0.4836028549977253,1.4261129219034956,Matt Walsh,32,14,Comedian,Illinois,United States,1,0,0,0,0,0,0,0,0,1,0,0
0.48112354164493026,0.135855763568855,-0.6694988804026298,0.17238800108817617,0.3217133849513817,Tyson Beckford,32,12,Model,New York,United States,1,0,0,0,0,0,0,0,0,1,0,0
-0.6742898552645787,-0.10565741893058762,1.9413804363629064,-0.9562187271006374,0.4742740187262788,Jason Mraz,32,2,Singer/Rapper,Virginia,United States,1,0,0,0,0,0,0,0,0,1,0,0
3.408985399229095,2.651277927964362,1.4801961764431042,-1.1871939508489633,2.5533321742145922,Lele Pons,32,8,Social Media Personality,,Venezuela,1,0,0,0,0,0,0,0,0,1,0,0
3.78089235998466,2.6979184333932356,1.38829210104611,-1.1158979258417172,1.7731599194951724,Harry Jowsey,32,6,TV Personality,,Australia,1,0,0,0,0,0,0,0,0,1,0,0
3.6136889521180313,2.89826105625153,0.8495669268631346,-0.5595668081255528,2.5262719231518656,Mauricio Umansky,32,9,TV Personality,,Mexico,1,0,0,0,0,0,0,0,0,1,0,0
-0.18488543023865708,0.10109674531776937,1.0559327444306974,-0.19200679191477363,2.284369359120083,Charity Lawson,32,4,TV Personality,Georgia,United States,1,0,0,0,0,0,0,0,0,1,0,0
-0.35595101696500103,0.49810792789041836,0.6612900128072953,-0.1412855336772743,1.9273170182233,Ariana Madix,32,3,TV Personality,Florida,United States,1,0,0,0,0,0,0,0,0,1,0,0
-0.19750210732596804,-0.6966046902336568,-0.2165921801102176,0.7177234065319741,1.0046308512687359,Tori Spelling,33,12,Actor/Actress,California,United States,1,0,0,0,0,0,0,0,0,1,0,0
-0.19750210732596804,-0.6966046902336568,-0.2165921801102176,0.7177234065319741,1.0046308512687359,Eric Roberts,33,10,Actor/Actress,California,United States,1,0,0,0,0,0,0,0,0,1,0,0
-0.11690309272953625,-0.8253521778985308,-0.21474487132929002,0.6476279615925635,0.647960279313981,Reginald VelJohnson,33,10,Actor/Actress,New York,United States,1,0,0,0,0,0,0,0,0,1,0,0
-0.19750210732596804,-0.6966046902336568,-0.2165921801102176,0.7177234065319741,1.0046308512687359,Chandler Kinney,33,3,Actor/Actress,California,United States,1,0,0,0,0,0,0,0,0,1,0,0
-1.1983858451582943,0.9328283274853169,0.7608018037740187,-0.2642207150291086,0.9433090362457565,Dwight Howard,33,6,Athlete,Georgia,United States,1,0,0,0,0,0,0,0,0,1,0,0
-1.2026256947640757,1.0539584831009423,0.43982940992839065,-0.009045510632127971,1.2318369302059848,Danny Amendola,33,5,Athlete,Texas,United States,1,0,0,0,0,0,0,0,0,1,0,0
-1.3694514318846367,1.329839510057966,0.36615907215061627,-0.21349945679160948,0.5862566953489727,Stephen Nedoroscik,33,4,Athlete,Florida,United States,1,0,0,0,0,0,0,0,0,1,0,0
-1.159450264143184,0.8429434338132558,0.1342203183479369,0.27613871048196537,1.0064947228926582,Ilona Maher,33,2,Athlete,California,United States,1,0,0,0,0,0,0,0,0,1,0,0
4.223911418289558,5.723000868867687,1.1031787812886913,-1.7752930400447322,-0.2222692747513995,Anna Delvey,33,12,Con artist,,Russia,1,0,0,0,0,0,0,0,0,1,0,0
0.48112354164493026,0.135855763568855,-0.6694988804026298,0.17238800108817617,0.3217133849513817,Brooks Nader,33,9,Model,New York,United States,1,0,0,0,0,0,0,0,0,1,0,0
-0.18488543023865708,0.10109674531776937,1.0559327444306974,-0.19200679191477363,2.284369359120083,Phaedra Parks,33,8,TV Personality,Georgia,United States,1,0,0,0,0,0,0,0,0,1,0,0
-0.35595101696500103,0.49810792789041836,0.6612900128072953,-0.1412855336772743,1.9273170182233,Jenn Tran,33,7,TV Personality,Florida,United States,1,0,0,0,0,0,0,0,0,1,0,0
-0.24901272674198247,0.23228173795992252,0.9744843107963735,-0.21253884887789845,2.236493131213763,Joey Graziadei,33,1,TV Personality,Louisiana,United States,1,0,0,0,0,0,0,0,0,1,0,0
-0.19750210732596796,-0.6966046902336566,-0.2165921801102172,0.717723406531974,1.0046308512687367,Corey Feldman,34,13,Actor/Actress,California,United States,1,0,0,0,0,0,0,0,0,1,0,0
-0.19750210732596796,-0.6966046902336569,-0.21659218011021739,0.7177234065319743,1.0046308512687367,Danielle Fishel,34,8,Actor/Actress,California,United States,1,0,0,0,0,0,0,0,0,1,0,0
-0.23643768834107856,-0.6067197965615961,0.4099893053158647,0.1773639810209001,0.9414451646218348,Elaine Hendrix,34,5,Actor/Actress,Georgia,United States,1,0,0,0,0,0,0,0,0,1,0,0
-1.1594502641431839,0.8429434338132565,0.1342203183479366,0.2761387104819652,1.0064947228926577,Baron Davis,34,13,Athlete,California,United States,1,0,0,0,0,0,0,0,0,1,0,0
-1.2026256947640754,1.053958483100943,0.4398294099283901,-0.00904551063212817,1.2318369302059835,Jordan Chiles,34,3,Athlete,Texas,United States,1,0,0,0,0,0,0,0,0,1,0,0
-0.41596977145007763,-0.16222957338514263,0.3658566003972311,0.5788704932545807,1.7947915925530002,Andy Richter,34,7,Comedian,California,United States,1,0,0,0,0,0,0,0,0,1,0,0
4.955453212086025,3.9438004629042154,2.267549669291254,-1.9815694314832295,1.3170910687859516,Robert Irwin,34,1,Conservationist,,Australia,1,0,0,0,0,0,0,0,0,1,0,0
0.09346035860738985,0.4279063151731829,3.180102283271849,4.897767452000099,-0.2313414601086311,Hilaria Baldwin,34,11,Entrepreneur,New York,United States,1,0,0,0,0,0,0,0,0,1,0,0
-0.675383013591545,-0.01992623180614567,1.7175846721508863,-1.051540404474618,0.24259860574795897,Lauren Jauregui,34,12,Singer/Rapper,Florida,United States,1,0,0,0,0,0,0,0,0,1,0,0
-0.4653818458500906,-0.5068223080508539,1.485645918348209,-0.5619022372010425,0.6628366332916452,Scott Hoying,34,10,Singer/Rapper,California,United States,1,0,0,0,0,0,0,0,0,1,0,0
-0.8962454988474057,0.6636124377398155,1.0191015761209044,-0.2683300170529323,1.5967713460118946,Alix Earle,34,2,Social media personality,Florida,United States,1,0,0,0,0,0,0,0,0,1,0,0
-0.07146504352410342,0.09003283073008861,1.457418897893583,-0.3438876224076872,2.697520524587196,Jen Affleck,34,9,TV Personality,Utah,United States,1,0,0,0,0,0,0,0,0,1,0,0
-0.07146504352410342,0.09003283073008861,1.457418897893583,-0.3438876224076873,2.697520524587196,Whitney Leavitt,34,6,TV Personality,Utah,United States,1,0,0,0,0,0,0,0,0,1,0,0
-0.14594984922354612,0.011211851645708936,0.4293512590046156,0.3483526335963003,2.347555045766987,Dylan Efron,34,4,TV Personality,California,United States,1,0,0,0,0,0,0,0,0,1,0,0
