match_id,player1,player2,elapsed_time,set_no,game_no,point_no,p1_sets,p2_sets,p1_games,p2_games,p1_score,p2_score,server,serve_no,point_victor,p1_points_won,p2_points_won,game_victor,set_victor,p1_ace,p2_ace,p1_winner,p2_winner,winner_shot_type,p1_double_fault,p2_double_fault,p1_unf_err,p2_unf_err,p1_net_pt,p2_net_pt,p1_net_pt_won,p2_net_pt_won,p1_break_pt,p2_break_pt,p1_break_pt_won,p2_break_pt_won,p1_break_pt_missed,p2_break_pt_missed,p1_distance_run,p2_distance_run,rally_count,speed_mph,serve_width,serve_depth,return_depth,p1_delta,p2_delta,y_p1_win,server_is_p1,is_first_serve,M_mean,M_hdi_lower,M_hdi_upper
2023-wimbledon-1701,Carlos Alcaraz,Novak Djokovic,00:00:25,1,1,2,0,0,0,0,0,15,2,1,1,1,1,0,0,0,0,0,0,0,0,0,0,0,0,0,0,0,0,0,0,0,0,0,18.502,22.307,4,126.0,BW,NCTL,ND,1.0,0.0,1,0,1,0.04007673021369554,-1.0176649059888412,1.27048377683456
2023-wimbledon-1701,Carlos Alcaraz,Novak Djokovic,00:01:19,1,1,3,0,0,0,0,15,15,2,2,1,2,1,0,0,0,0,1,0,F,0,0,0,0,0,0,0,0,0,0,0,0,0,0,4.786,2.926,2,102.0,BW,NCTL,ND,1.0,0.0,1,0,0,-0.004467060908146237,-1.1966501791063293,1.053903524651957
2023-wimbledon-1701,Carlos Alcaraz,Novak Djokovic,00:02:17,1,1,4,0,0,0,0,30,15,2,2,2,2,2,0,0,0,0,0,0,0,0,0,0,0,0,0,0,0,0,0,0,0,0,0,4.907,4.209,1,120.0,BC,CTL,ND,0.0,1.0,0,0,0,0.0358874211317731,-1.1300924622035353,1.2300275850983737
2023-wimbledon-1701,Carlos Alcaraz,Novak Djokovic,00:03:02,1,1,5,0,0,0,0,30,30,2,1,1,3,2,0,0,0,0,0,0,0,0,0,0,1,0,1,0,0,0,0,0,0,0,0,12.881,8.676,2,108.0,W,CTL,ND,1.0,0.0,1,0,1,0.00999858344548289,-1.1528621547848885,1.011510157044445
2023-wimbledon-1701,Carlos Alcaraz,Novak Djokovic,00:03:38,1,1,6,0,0,0,0,40,30,2,1,2,3,3,0,0,0,0,0,0,0,0,0,0,0,0,0,0,0,1,0,0,0,1,0,7.293,7.704,1,127.0,W,NCTL,D,0.0,1.0,0,0,1,0.0049846525804853326,-1.083424731518183,1.227797334566895
2023-wimbledon-1701,Carlos Alcaraz,Novak Djokovic,00:04:05,1,1,7,0,0,0,0,40,40,2,1,2,3,4,0,0,0,0,0,1,F,0,0,0,0,0,1,0,1,0,0,0,0,0,0,23.283,19.531,5,111.0,W,CTL,ND,0.0,1.0,0,0,1,0.0018019190641044853,-1.1553000755940912,1.1070238543007485
2023-wimbledon-1701,Carlos Alcaraz,Novak Djokovic,00:04:41,1,1,8,0,0,0,0,40,AD,2,1,1,4,4,0,0,0,0,0,0,0,0,0,0,0,0,0,0,0,0,0,0,0,0,0,23.179,24.58,6,124.0,BW,NCTL,D,1.0,0.0,1,0,1,-0.02809869608123226,-1.1911778383324214,1.0442206832566425
2023-wimbledon-1701,Carlos Alcaraz,Novak Djokovic,00:06:03,1,1,9,0,0,0,0,40,40,2,1,2,4,5,0,0,0,0,0,0,0,0,0,1,0,0,0,0,0,0,0,0,0,0,0,29.115,28.599,7,127.0,C,NCTL,D,0.0,1.0,0,0,1,-0.012959647792006307,-1.0667353260577428,1.1685684416124233
2023-wimbledon-1701,Carlos Alcaraz,Novak Djokovic,00:06:43,1,1,10,0,0,0,0,40,AD,2,1,2,4,6,2,0,0,0,0,0,0,0,0,0,0,0,0,0,0,0,0,0,0,0,0,8.941,7.816,1,125.0,W,CTL,ND,0.0,1.0,0,0,1,0.009728842430229232,-1.1168555716188013,1.1448324935684797
2023-wimbledon-1701,Carlos Alcaraz,Novak Djokovic,00:08:02,1,2,11,0,0,0,1,0,0,1,1,2,4,7,0,0,0,0,0,0,0,0,0,1,0,0,0,0,0,0,0,0,0,0,0,5.54,10.329,2,123.0,BW,NCTL,ND,0.0,1.0,0,0,1,-0.008433218332071505,-1.2097174945680953,0.9871786601549266
2023-wimbledon-1701,Carlos Alcaraz,Novak Djokovic,00:08:28,1,2,12,0,0,0,1,0,15,1,1,2,4,8,0,0,0,0,0,1,F,0,0,0,0,0,0,0,0,0,0,0,0,0,0,16.819,20.001,6,119.0,C,NCTL,ND,0.0,1.0,0,0,1,-0.005056597513845435,-1.0500728664713372,1.1356644914701226
2023-wimbledon-1701,Carlos Alcaraz,Novak Djokovic,00:09:22,1,2,13,0,0,0,1,0,30,1,2,2,4,9,0,0,0,0,0,0,0,0,0,1,0,0,0,0,0,0,0,0,0,0,0,21.482,23.589,6,107.0,B,NCTL,D,0.0,1.0,0,0,0,0.0029111442217245233,-1.108856622891309,1.0930235058697129
2023-wimbledon-1701,Carlos Alcaraz,Novak Djokovic,00:10:25,1,2,14,0,0,0,1,0,40,1,1,1,5,9,0,0,0,0,0,0,0,0,0,0,0,0,0,0,0,0,1,0,0,0,1,9.876,15.338,3,121.0,C,CTL,ND,1.0,0.0,1,0,1,-0.00795079519097692,-1.1336987574324193,1.1654099345038507
2023-wimbledon-1701,Carlos Alcaraz,Novak Djokovic,00:10:57,1,2,15,0,0,0,1,15,40,1,1,1,6,9,0,0,0,0,1,0,F,0,0,0,0,0,0,0,0,0,1,0,0,0,1,7.638,7.393,3,128.0,BC,NCTL,ND,1.0,0.0,1,0,1,0.04259568579501548,-0.9365894366349578,1.3604472917787764
2023-wimbledon-1701,Carlos Alcaraz,Novak Djokovic,00:11:29,1,2,16,0,0,0,1,30,40,1,2,2,6,10,2,0,0,0,0,0,0,0,0,0,0,0,0,0,0,0,1,0,1,0,0,21.88,18.532,4,101.0,BW,NCTL,D,0.0,1.0,0,0,0,-0.004668334450241897,-1.1300219918941765,1.1679888131522125
2023-wimbledon-1701,Carlos Alcaraz,Novak Djokovic,00:12:45,1,3,17,0,0,0,2,0,0,2,1,2,6,11,0,0,0,0,0,0,0,0,0,1,0,1,0,0,0,0,0,0,0,0,0,20.078,18.607,5,122.0,C,NCTL,D,0.0,1.0,0,0,1,0.032619730403555834,-1.1175071036311566,1.1370636171240596
2023-wimbledon-1701,Carlos Alcaraz,Novak Djokovic,00:13:23,1,3,18,0,0,0,2,0,15,2,2,1,7,11,0,0,0,0,0,0,0,0,0,0,1,0,0,0,0,0,0,0,0,0,0,29.805,34.701,8,107.0,C,NCTL,D,1.0,0.0,1,0,0,-0.03351105822979532,-1.11977007473986,1.1108640185880938
2023-wimbledon-1701,Carlos Alcaraz,Novak Djokovic,00:14:24,1,3,19,0,0,0,2,15,15,2,2,1,8,11,0,0,0,0,0,0,0,0,0,0,0,0,0,0,0,0,0,0,0,0,0,31.981,29.821,8,85.0,C,NCTL,D,1.0,0.0,1,0,0,0.010201988087740099,-1.10113566655971,1.158643802912301
2023-wimbledon-1701,Carlos Alcaraz,Novak Djokovic,00:15:30,1,3,20,0,0,0,2,30,15,2,2,2,8,12,0,0,0,0,0,0,0,0,0,0,0,0,1,0,1,0,0,0,0,0,0,93.364,89.698,21,88.0,BW,NCTL,ND,0.0,1.0,0,0,0,-0.055860515346215014,-1.2104427858719726,1.1046253258061205
2023-wimbledon-1701,Carlos Alcaraz,Novak Djokovic,00:17:03,1,3,21,0,0,0,2,30,30,2,1,2,8,13,0,0,0,0,0,0,0,0,0,0,0,0,1,0,1,0,0,0,0,0,0,48.241,32.83,5,121.0,C,NCTL,ND,0.0,1.0,0,0,1,0.011022412729914293,-1.065306400374785,0.9935184864475073
2023-wimbledon-1701,Carlos Alcaraz,Novak Djokovic,00:18:02,1,3,22,0,0,0,2,30,40,2,1,2,8,14,2,0,0,1,0,1,0,0,0,0,0,0,0,0,0,0,0,0,0,0,0,0.669,0.492,1,121.0,C,NCTL,,0.0,1.0,0,0,1,4.6906020395099944e-05,-1.1480458988247455,1.2415032916200384
2023-wimbledon-1701,Carlos Alcaraz,Novak Djokovic,00:19:49,1,4,23,0,0,0,3,0,0,1,1,2,8,15,0,0,0,0,0,0,0,0,0,0,0,0,0,0,0,0,0,0,0,0,0,12.278,14.266,2,108.0,W,CTL,D,0.0,1.0,0,0,1,0.0017505911379420804,-1.0051831285020063,1.2735587765665608
2023-wimbledon-1701,Carlos Alcaraz,Novak Djokovic,00:20:15,1,4,24,0,0,0,3,0,15,1,1,1,9,15,0,0,0,0,0,0,0,0,0,0,0,0,0,0,0,0,0,0,0,0,0,2.783,7.056,1,128.0,BW,NCTL,ND,1.0,0.0,1,0,1,0.004767064246385353,-1.1339132385408823,1.1826519990392999
2023-wimbledon-1701,Carlos Alcaraz,Novak Djokovic,00:20:38,1,4,25,0,0,0,3,15,15,1,1,2,9,16,0,0,0,0,0,0,0,0,0,0,0,0,0,0,0,0,0,0,0,0,0,30.865,26.119,6,128.0,C,NCTL,D,0.0,1.0,0,0,1,-0.025465947974800337,-1.1109567480271176,1.210980652925134
2023-wimbledon-1701,Carlos Alcaraz,Novak Djokovic,00:21:15,1,4,26,0,0,0,3,15,30,1,1,2,9,17,0,0,0,0,0,0,0,0,0,1,0,0,0,0,0,0,0,0,0,0,0,27.744,38.992,8,117.0,C,NCTL,D,0.0,1.0,0,0,1,0.021833942911824097,-1.1592674950934367,1.149654095320577
2023-wimbledon-1701,Carlos Alcaraz,Novak Djokovic,00:21:55,1,4,27,0,0,0,3,15,40,1,2,1,10,17,0,0,0,0,0,0,0,0,0,0,0,0,0,0,0,0,1,0,0,0,1,12.367,12.258,3,110.0,B,CTL,D,1.0,0.0,1,0,0,0.05596536793492804,-1.1086019630380777,1.1110414903440753
2023-wimbledon-1701,Carlos Alcaraz,Novak Djokovic,00:22:36,1,4,28,0,0,0,3,30,40,1,1,1,11,17,0,0,0,0,1,0,0,0,0,0,0,0,0,0,0,0,1,0,0,0,1,5.683,5.84,1,128.0,BW,CTL,ND,1.0,0.0,1,0,1,-0.024655989864049776,-1.0845387659140022,1.04559973575559
2023-wimbledon-1701,Carlos Alcaraz,Novak Djokovic,00:23:16,1,4,29,0,0,0,3,40,40,1,2,2,11,18,0,0,0,0,0,0,0,0,0,0,0,0,0,0,0,0,0,0,0,0,0,35.456,41.723,10,98.0,C,NCTL,ND,0.0,1.0,0,0,0,0.04518377591768155,-1.048541998363099,1.21305757315426
2023-wimbledon-1701,Carlos Alcaraz,Novak Djokovic,00:24:11,1,4,30,0,0,0,3,40,AD,1,2,2,11,19,2,0,0,0,0,0,0,0,0,0,0,0,0,0,0,0,1,0,1,0,0,11.067,10.59,2,95.0,BW,NCTL,ND,0.0,1.0,0,0,0,0.02214387319476647,-0.9913699463717358,1.1805987519553658
2023-wimbledon-1701,Carlos Alcaraz,Novak Djokovic,00:25:06,1,5,31,0,0,0,4,0,0,2,1,2,11,20,0,0,0,0,0,0,0,0,0,0,0,0,0,0,0,0,0,0,0,0,0,5.873,3.741,1,108.0,W,CTL,D,0.0,1.0,0,0,1,0.01617304382963722,-1.146164697613649,1.137753989660798
2023-wimbledon-1701,Carlos Alcaraz,Novak Djokovic,00:25:28,1,5,32,0,0,0,4,0,15,2,1,2,11,21,0,0,0,0,0,0,0,0,0,1,0,0,0,0,0,0,0,0,0,0,0,13.029,12.57,3,126.0,W,CTL,D,0.0,1.0,0,0,1,0.021715640191478317,-1.0350532102312195,1.3218326675130414
2023-wimbledon-1701,Carlos Alcaraz,Novak Djokovic,00:25:57,1,5,33,0,0,0,4,0,30,2,1,1,12,21,0,0,0,0,1,0,B,0,0,0,0,0,1,0,0,0,0,0,0,0,0,13.896,16.397,4,111.0,BW,NCTL,ND,1.0,0.0,1,0,1,-0.029233991540320373,-1.1583032098816577,1.0234011806330212
2023-wimbledon-1701,Carlos Alcaraz,Novak Djokovic,00:26:33,1,5,34,0,0,0,4,15,30,2,1,2,12,22,0,0,0,0,0,0,0,0,0,1,0,0,0,0,0,0,0,0,0,0,0,26.566,27.069,5,125.0,W,CTL,D,0.0,1.0,0,0,1,0.011711464462760163,-1.0525457014266355,1.264986732525018
2023-wimbledon-1701,Carlos Alcaraz,Novak Djokovic,00:27:10,1,5,35,0,0,0,4,15,40,2,1,2,12,23,2,0,0,0,0,1,F,0,0,0,0,0,1,0,1,0,0,0,0,0,0,14.297,10.323,3,121.0,C,NCTL,,0.0,1.0,0,0,1,-0.02075180196229813,-1.2100399853737067,1.0122067743296217
2023-wimbledon-1701,Carlos Alcaraz,Novak Djokovic,00:28:47,1,6,36,0,0,0,5,0,0,1,1,1,13,23,0,0,0,0,1,0,F,0,0,0,0,1,0,1,0,0,0,0,0,0,0,9.156,12.607,3,129.0,C,NCTL,,1.0,0.0,1,0,1,0.011209798649827392,-0.9771776171013564,1.1882662410320042
2023-wimbledon-1701,Carlos Alcaraz,Novak Djokovic,00:29:15,1,6,37,0,0,0,5,15,0,1,1,1,14,23,0,0,0,0,0,0,0,0,0,0,0,0,0,0,0,0,0,0,0,0,0,9.453,10.305,1,131.0,W,CTL,D,1.0,0.0,1,0,1,-0.0406218605804684,-1.1604598093734069,0.9268612578199914
2023-wimbledon-1701,Carlos Alcaraz,Novak Djokovic,00:29:37,1,6,38,0,0,0,5,30,0,1,2,2,14,24,0,0,0,0,0,0,0,0,0,1,0,0,0,0,0,0,0,0,0,0,0,6.807,10.082,2,103.0,BC,NCTL,ND,0.0,1.0,0,0,0,0.0258909432817113,-0.9915639854149573,1.1954845900345117
2023-wimbledon-1701,Carlos Alcaraz,Novak Djokovic,00:30:15,1,6,39,0,0,0,5,30,15,1,2,2,14,25,0,0,0,0,0,0,0,1,0,1,0,0,0,0,0,0,0,0,0,0,0,1.076,2.058,0,,C,CTL,,0.0,1.0,0,0,0,0.026648692815289587,-1.1544912990067528,1.1023746475124234
2023-wimbledon-1701,Carlos Alcaraz,Novak Djokovic,00:30:55,1,6,40,0,0,0,5,30,30,1,1,1,15,25,0,0,0,0,1,0,F,0,0,0,0,1,0,1,0,0,0,0,0,0,0,33.492,57.879,9,130.0,B,NCTL,D,1.0,0.0,1,0,1,0.003797862663435559,-1.0297424883529032,1.0559863822773274
2023-wimbledon-1701,Carlos Alcaraz,Novak Djokovic,00:31:36,1,6,41,0,0,0,5,40,30,1,1,1,16,25,1,0,0,0,1,0,F,0,0,0,0,0,1,0,0,0,0,0,0,0,0,16.193,17.993,5,118.0,C,NCTL,D,1.0,0.0,1,0,1,-0.0057397270557968325,-1.054729256817087,1.2345441497410194
2023-wimbledon-1701,Carlos Alcaraz,Novak Djokovic,00:32:28,1,7,42,0,0,1,5,0,0,2,1,2,16,26,0,0,0,0,0,0,0,0,0,0,0,0,0,0,0,0,0,0,0,0,0,31.957,36.872,9,117.0,C,NCTL,D,0.0,1.0,0,0,1,0.027781337976807513,-1.1670520945518645,1.0994195898591361
2023-wimbledon-1701,Carlos Alcaraz,Novak Djokovic,00:33:11,1,7,43,0,0,1,5,0,15,2,2,2,16,27,0,0,0,0,0,0,0,0,0,0,0,0,1,0,1,0,0,0,0,0,0,8.491,10.737,3,110.0,C,NCTL,ND,0.0,1.0,0,0,0,-0.025928079433148888,-1.0856325040198305,1.1361527011578765
2023-wimbledon-1701,Carlos Alcaraz,Novak Djokovic,00:33:55,1,7,44,0,0,1,5,0,30,2,1,2,16,28,0,0,0,0,0,0,0,0,0,0,0,0,0,0,0,0,0,0,0,0,0,4.404,3.146,1,120.0,C,NCTL,ND,0.0,1.0,0,0,1,0.0038459695918219936,-1.0839923875508346,1.1752752015425691
2023-wimbledon-1701,Carlos Alcaraz,Novak Djokovic,00:34:19,1,7,45,0,0,1,5,0,40,2,1,2,16,29,2,2,0,0,0,1,F,0,0,0,0,0,1,0,1,0,0,0,0,0,0,13.498,14.462,5,125.0,W,CTL,ND,0.0,1.0,0,0,1,-6.398037336660805e-05,-1.0870591794002924,1.2258367577117797
2023-wimbledon-1701,Carlos Alcaraz,Novak Djokovic,00:36:28,2,1,46,0,1,0,0,0,0,1,1,1,17,29,0,0,0,0,0,0,0,0,0,0,0,1,0,1,0,0,0,0,0,0,0,24.951,17.213,3,114.0,W,CTL,ND,1.0,0.0,1,0,1,0.016986588766000236,-1.1763869540758973,1.0544034393780848
2023-wimbledon-1701,Carlos Alcaraz,Novak Djokovic,00:36:58,2,1,47,0,1,0,0,15,0,1,1,2,17,30,0,0,0,0,0,0,0,0,0,0,0,0,1,0,1,0,0,0,0,0,0,34.923,42.752,6,129.0,W,NCTL,ND,0.0,1.0,0,0,1,-0.013763608385930381,-1.1733310250935887,1.134830338790123
2023-wimbledon-1701,Carlos Alcaraz,Novak Djokovic,00:37:34,2,1,48,0,1,0,0,15,15,1,1,1,18,30,0,0,0,0,0,0,0,0,0,0,0,1,0,1,0,0,0,0,0,0,0,19.28,18.009,5,126.0,B,CTL,ND,1.0,0.0,1,0,1,-0.025478364543793222,-1.19942772358248,1.0211144574875386
2023-wimbledon-1701,Carlos Alcaraz,Novak Djokovic,00:38:07,2,1,49,0,1,0,0,30,15,1,1,1,19,30,0,0,0,0,0,0,0,0,0,0,0,1,0,1,0,0,0,0,0,0,0,5.36,5.703,1,117.0,W,NCTL,ND,1.0,0.0,1,0,1,-0.024742326813271032,-1.0498724940695336,1.190909610189123
2023-wimbledon-1701,Carlos Alcaraz,Novak Djokovic,00:38:34,2,1,50,0,1,0,0,40,15,1,1,1,20,30,1,0,0,0,0,0,0,0,0,0,0,0,0,0,0,0,0,0,0,0,0,9.236,8.897,1,126.0,BC,NCTL,ND,1.0,0.0,1,0,1,-0.015149561553248807,-1.0436600859875718,1.2618359397646923
2023-wimbledon-1701,Carlos Alcaraz,Novak Djokovic,00:39:35,2,2,51,0,1,1,0,0,0,2,2,1,21,30,0,0,0,0,0,0,0,0,1,0,1,0,0,0,0,0,0,0,0,0,0,1.424,0.9,0,,BC,NCTL,,1.0,0.0,1,0,0,-0.03230650668371218,-1.0736101464249983,1.1288902399323693
2023-wimbledon-1701,Carlos Alcaraz,Novak Djokovic,00:40:32,2,2,52,0,1,1,0,15,0,2,2,1,22,30,0,0,0,0,0,0,0,0,0,0,0,0,0,0,0,0,0,0,0,0,0,20.745,25.107,6,94.0,B,NCTL,ND,1.0,0.0,1,0,0,0.011706677658170794,-1.060131617196389,1.1596627427390798
2023-wimbledon-1701,Carlos Alcaraz,Novak Djokovic,00:41:29,2,2,53,0,1,1,0,30,0,2,1,2,22,31,0,0,0,0,0,1,B,0,0,0,0,0,1,0,1,0,0,0,0,0,0,24.814,18.005,5,111.0,BW,NCTL,ND,0.0,1.0,0,0,1,0.050518427344127044,-1.0922159244396716,1.115158991306982
2023-wimbledon-1701,Carlos Alcaraz,Novak Djokovic,00:42:10,2,2,54,0,1,1,0,30,15,2,2,2,22,32,0,0,0,0,0,1,F,0,0,0,0,0,1,0,1,0,0,0,0,0,0,33.497,30.332,9,107.0,C,NCTL,D,0.0,1.0,0,0,0,0.02868527106635697,-0.9147804994472475,1.218483559441308
2023-wimbledon-1701,Carlos Alcaraz,Novak Djokovic,00:43:16,2,2,55,0,1,1,0,30,30,2,2,2,22,33,0,0,0,0,0,0,0,0,0,1,0,0,0,0,0,0,0,0,0,0,0,3.971,3.523,1,94.0,BW,NCTL,D,0.0,1.0,0,0,0,-0.012204788857542509,-1.0148598236356858,1.1742269485389067
2023-wimbledon-1701,Carlos Alcaraz,Novak Djokovic,00:44:16,2,2,56,0,1,1,0,30,40,2,2,1,23,33,0,0,0,0,1,0,F,0,0,0,0,0,0,0,0,0,0,0,0,0,0,35.076,43.824,10,86.0,B,NCTL,D,1.0,0.0,1,0,0,0.010449921765514817,-1.081885031453834,1.061035657267841
2023-wimbledon-1701,Carlos Alcaraz,Novak Djokovic,00:45:23,2,2,57,0,1,1,0,40,40,2,2,1,24,33,0,0,0,0,0,0,0,0,0,0,1,0,1,0,0,0,0,0,0,0,0,16.727,15.5,2,104.0,W,CTL,ND,1.0,0.0,1,0,0,0.02355905760824946,-1.0488383934266186,1.1215276320765892
2023-wimbledon-1701,Carlos Alcaraz,Novak Djokovic,00:46:38,2,2,58,0,1,1,0,AD,40,2,1,2,24,34,0,0,0,0,0,0,0,0,0,0,0,0,0,0,0,1,0,0,0,1,0,7.052,6.806,1,118.0,BC,NCTL,D,0.0,1.0,0,0,1,-0.05802192754606408,-1.1912597040338784,1.0697416096254686
2023-wimbledon-1701,Carlos Alcaraz,Novak Djokovic,00:47:10,2,2,59,0,1,1,0,40,40,2,1,1,25,34,0,0,0,0,0,0,0,0,0,0,1,0,1,0,0,0,0,0,0,0,0,31.842,31.118,8,113.0,W,NCTL,ND,1.0,0.0,1,0,1,-0.006281589410118971,-1.1117645309294395,1.0584367358260731
2023-wimbledon-1701,Carlos Alcaraz,Novak Djokovic,00:48:01,2,2,60,0,1,1,0,AD,40,2,1,1,26,34,1,0,0,0,0,0,0,0,0,0,1,0,0,0,0,1,0,1,0,0,0,23.419,14.041,4,116.0,C,CTL,ND,1.0,0.0,1,0,1,0.013229523685365998,-1.2048237078600725,1.123471330212763
2023-wimbledon-1701,Carlos Alcaraz,Novak Djokovic,00:48:48,2,3,61,0,1,2,0,0,0,1,2,2,26,35,0,0,0,0,0,0,0,1,0,1,0,0,0,0,0,0,0,0,0,0,0,5.897,5.002,0,,B,CTL,ND,0.0,1.0,0,0,0,-0.025190181121335243,-1.1650997505422678,1.1590539498374601
2023-wimbledon-1701,Carlos Alcaraz,Novak Djokovic,00:49:32,2,3,62,0,1,2,0,0,15,1,2,1,27,35,0,0,0,0,1,0,F,0,0,0,0,1,0,1,0,0,0,0,0,0,0,22.24,23.472,7,93.0,B,NCTL,ND,1.0,0.0,1,0,0,0.0032412956201067415,-1.1695509136189335,1.0174126304326523
2023-wimbledon-1701,Carlos Alcaraz,Novak Djokovic,00:50:22,2,3,63,0,1,2,0,15,15,1,1,1,28,35,0,0,0,0,1,0,F,0,0,0,0,0,0,0,0,0,0,0,0,0,0,70.345,65.676,19,125.0,B,NCTL,ND,1.0,0.0,1,0,1,-0.013047830579010608,-1.1622651560347381,1.0866979731153297
2023-wimbledon-1701,Carlos Alcaraz,Novak Djokovic,00:51:25,2,3,64,0,1,2,0,30,15,1,1,2,28,36,0,0,0,0,0,1,F,0,0,0,0,1,0,0,0,0,0,0,0,0,0,23.891,17.817,4,120.0,W,NCTL,,0.0,1.0,0,0,1,0.021347577661123406,-1.1009108508893357,1.133065173437661
2023-wimbledon-1701,Carlos Alcaraz,Novak Djokovic,00:52:06,2,3,65,0,1,2,0,30,30,1,2,1,29,36,0,0,0,0,0,0,0,0,0,0,0,0,0,0,0,0,0,0,0,0,0,9.203,8.788,1,112.0,BC,NCTL,D,1.0,0.0,1,0,0,0.019585781745322522,-1.1912601196775852,1.0650053807821733
2023-wimbledon-1701,Carlos Alcaraz,Novak Djokovic,00:52:49,2,3,66,0,1,2,0,40,30,1,1,2,29,37,0,0,0,0,0,0,0,0,0,1,0,0,0,0,0,0,0,0,0,0,0,37.449,35.296,8,122.0,C,NCTL,D,0.0,1.0,0,0,1,0.036623035405489064,-1.1381759985275623,1.0664581588895383
2023-wimbledon-1701,Carlos Alcaraz,Novak Djokovic,00:53:31,2,3,67,0,1,2,0,40,40,1,1,2,29,38,0,0,0,0,0,0,0,0,0,0,0,0,1,0,1,0,0,0,0,0,0,17.41,29.453,4,115.0,BC,CTL,ND,0.0,1.0,0,0,1,-0.015674370851367008,-1.1320760156997824,1.124606870378974
2023-wimbledon-1701,Carlos Alcaraz,Novak Djokovic,00:54:08,2,3,68,0,1,2,0,40,AD,1,2,2,29,39,2,0,0,0,0,0,0,0,0,1,0,0,0,0,0,0,1,0,1,0,0,40.601,51.537,14,92.0,BW,NCTL,ND,0.0,1.0,0,0,0,-0.017426347310097665,-1.0774232257545862,1.0564891499794673
2023-wimbledon-1701,Carlos Alcaraz,Novak Djokovic,00:56:40,2,4,69,0,1,2,1,0,0,2,1,1,30,39,0,0,0,0,0,0,0,0,0,0,1,0,1,0,0,0,0,0,0,0,0,23.385,16.1,4,109.0,W,CTL,ND,1.0,0.0,1,0,1,-0.025403835414051796,-1.362262638217534,1.0472144928492393
2023-wimbledon-1701,Carlos Alcaraz,Novak Djokovic,00:57:17,2,4,70,0,1,2,1,15,0,2,2,1,31,39,0,0,0,0,0,0,0,0,0,0,0,0,0,0,0,0,0,0,0,0,0,35.028,25.613,6,109.0,C,NCTL,ND,1.0,0.0,1,0,0,-0.0118567304215013,-1.151790754437072,1.1049073006324144
2023-wimbledon-1701,Carlos Alcaraz,Novak Djokovic,00:58:25,2,4,71,0,1,2,1,30,0,2,2,2,31,40,0,0,0,0,0,0,0,0,0,1,0,1,0,0,0,0,0,0,0,0,0,15.211,15.539,3,92.0,BC,NCTL,D,0.0,1.0,0,0,0,-0.0005276973153393044,-0.9655521392909844,1.3492627444457053
2023-wimbledon-1701,Carlos Alcaraz,Novak Djokovic,00:59:14,2,4,72,0,1,2,1,30,15,2,1,2,31,41,0,0,0,0,0,0,0,0,0,0,0,0,0,0,0,0,0,0,0,0,0,4.333,4.169,1,121.0,BW,CTL,D,0.0,1.0,0,0,1,0.005085989328855912,-1.1103751695284858,1.2430707452037237
2023-wimbledon-1701,Carlos Alcaraz,Novak Djokovic,01:00:04,2,4,73,0,1,2,1,30,30,2,2,1,32,41,0,0,0,0,0,0,0,0,0,0,0,0,0,0,0,0,0,0,0,0,0,7.486,6.882,2,99.0,BW,NCTL,D,1.0,0.0,1,0,0,-0.014688730462543676,-1.1726507633751286,1.1471505375095001
2023-wimbledon-1701,Carlos Alcaraz,Novak Djokovic,01:01:00,2,4,74,0,1,2,1,40,30,2,1,2,32,42,0,0,0,0,0,0,0,0,0,1,0,0,0,0,0,1,0,0,0,1,0,120.712,93.426,29,118.0,BW,NCTL,ND,0.0,1.0,0,0,1,0.015204088060351475,-1.2114158219732234,1.147312237032128
2023-wimbledon-1701,Carlos Alcaraz,Novak Djokovic,01:02:27,2,4,75,0,1,2,1,40,40,2,1,2,32,43,0,0,0,0,0,1,F,0,0,0,0,0,1,0,1,0,0,0,0,0,0,23.661,26.537,5,110.0,C,NCTL,D,0.0,1.0,0,0,1,-0.048031578594098207,-1.0896671437725982,1.1678445356035563
2023-wimbledon-1701,Carlos Alcaraz,Novak Djokovic,01:03:10,2,4,76,0,1,2,1,40,AD,2,1,2,32,44,2,0,0,0,0,0,0,0,0,0,0,0,0,0,0,0,0,0,0,0,0,5.38,4.131,1,122.0,W,CTL,ND,0.0,1.0,0,0,1,0.006630495227658231,-1.1440511905898842,1.0188382089864252
2023-wimbledon-1701,Carlos Alcaraz,Novak Djokovic,01:03:48,2,5,77,0,1,2,2,0,0,1,2,2,32,45,0,0,0,0,0,0,0,0,0,1,0,0,0,0,0,0,0,0,0,0,0,38.935,38.632,10,105.0,B,NCTL,ND,0.0,1.0,0,0,0,-0.03602641384617304,-1.2061295220647368,1.0498135641639166
2023-wimbledon-1701,Carlos Alcaraz,Novak Djokovic,01:04:49,2,5,78,0,1,2,2,0,15,1,1,1,33,45,0,0,0,0,1,0,0,0,0,0,0,0,0,0,0,0,0,0,0,0,0,6.85,4.499,1,126.0,W,CTL,,1.0,0.0,1,0,1,-0.0037607134044560383,-0.9673219588056716,1.2898533441101
2023-wimbledon-1701,Carlos Alcaraz,Novak Djokovic,01:05:15,2,5,79,0,1,2,2,15,15,1,1,1,34,45,0,0,0,0,0,0,0,0,0,0,1,0,0,0,0,0,0,0,0,0,0,9.265,19.026,3,113.0,W,NCTL,D,1.0,0.0,1,0,1,-0.01695425727796787,-1.1408417900251702,1.0110150638646926
2023-wimbledon-1701,Carlos Alcaraz,Novak Djokovic,01:05:42,2,5,80,0,1,2,2,30,15,1,1,1,35,45,0,0,0,0,0,0,0,0,0,0,0,1,0,1,0,0,0,0,0,0,0,28.725,24.977,7,126.0,C,NCTL,ND,1.0,0.0,1,0,1,0.004774880248931937,-1.107935122351227,1.1286489870859824
2023-wimbledon-1701,Carlos Alcaraz,Novak Djokovic,01:06:16,2,5,81,0,1,2,2,40,15,1,1,2,35,46,0,0,0,0,0,0,0,0,0,0,0,0,0,0,0,0,0,0,0,0,0,6.492,6.408,2,132.0,C,NCTL,D,0.0,1.0,0,0,1,-0.003823288419114308,-1.0738342850530445,1.0545999907164731
2023-wimbledon-1701,Carlos Alcaraz,Novak Djokovic,01:06:42,2,5,82,0,1,2,2,40,30,1,1,2,35,47,0,0,0,0,0,0,0,0,0,0,0,0,1,0,1,0,0,0,0,0,0,42.899,46.159,10,128.0,BW,NCTL,D,0.0,1.0,0,0,1,-0.012708376405564135,-1.2022935280996783,0.9887958338888156
2023-wimbledon-1701,Carlos Alcaraz,Novak Djokovic,01:07:32,2,5,83,0,1,2,2,40,40,1,1,1,36,47,0,0,0,0,1,0,B,0,0,0,0,1,0,1,0,0,0,0,0,0,0,21.602,43.401,5,116.0,B,NCTL,ND,1.0,0.0,1,0,1,0.06243692693694633,-1.1489908275781642,1.1448092673000898
2023-wimbledon-1701,Carlos Alcaraz,Novak Djokovic,01:08:08,2,5,84,0,1,2,2,AD,40,1,1,2,36,48,0,0,0,0,0,1,F,0,0,0,0,0,0,0,0,0,0,0,0,0,0,10.362,11.423,4,123.0,C,CTL,D,0.0,1.0,0,0,1,-0.037785589285301686,-1.1782843967583578,1.0350967164598113
2023-wimbledon-1701,Carlos Alcaraz,Novak Djokovic,01:08:35,2,5,85,0,1,2,2,40,40,1,2,1,37,48,0,0,0,0,0,0,0,0,0,0,0,0,0,0,0,0,0,0,0,0,0,3.258,3.384,1,124.0,BC,NCTL,ND,1.0,0.0,1,0,0,-0.005196121089239767,-1.001547584384354,1.2526024383096026
2023-wimbledon-1701,Carlos Alcaraz,Novak Djokovic,01:09:18,2,5,86,0,1,2,2,AD,40,1,1,1,38,48,1,0,0,0,0,0,0,0,0,0,1,0,0,0,0,0,0,0,0,0,0,12.167,14.734,3,115.0,B,CTL,ND,1.0,0.0,1,0,1,0.030232636463984653,-1.2305650843640472,1.0554857281142596
2023-wimbledon-1701,Carlos Alcaraz,Novak Djokovic,01:11:20,2,6,87,0,1,3,2,0,0,2,1,1,39,48,0,0,0,0,1,0,B,0,0,0,0,0,1,0,0,0,0,0,0,0,0,66.55,79.221,18,122.0,C,CTL,D,1.0,0.0,1,0,1,0.0069140507910343575,-1.1579135593423344,1.0867649792829985
2023-wimbledon-1701,Carlos Alcaraz,Novak Djokovic,01:12:26,2,6,88,0,1,3,2,15,0,2,2,1,40,48,0,0,0,0,1,0,B,0,0,0,0,0,0,0,0,0,0,0,0,0,0,29.367,32.868,10,95.0,BW,NCTL,ND,1.0,0.0,1,0,0,-0.020875931403298974,-1.1143754380324018,1.0922856482621484
2023-wimbledon-1701,Carlos Alcaraz,Novak Djokovic,01:13:52,2,6,89,0,1,3,2,30,0,2,2,2,40,49,0,0,0,0,0,0,0,0,0,0,0,0,0,0,0,0,0,0,0,0,0,4.812,4.053,1,101.0,BW,NCTL,D,0.0,1.0,0,0,0,-0.041372052655414604,-1.156459549065022,1.0745948781255854
2023-wimbledon-1701,Carlos Alcaraz,Novak Djokovic,01:14:39,2,6,90,0,1,3,2,30,15,2,1,2,40,50,0,0,0,0,0,1,F,0,0,0,0,0,0,0,0,0,0,0,0,0,0,10.234,7.26,3,115.0,C,NCTL,D,0.0,1.0,0,0,1,0.018688976789586396,-1.321722023105468,1.039496460812888
2023-wimbledon-1701,Carlos Alcaraz,Novak Djokovic,01:15:16,2,6,91,0,1,3,2,30,30,2,2,2,40,51,0,0,0,0,0,0,0,0,0,0,0,0,0,0,0,0,0,0,0,0,0,6.781,8.749,1,84.0,B,NCTL,D,0.0,1.0,0,0,0,0.013466436842814879,-1.0772815037092467,1.0945970206625462
2023-wimbledon-1701,Carlos Alcaraz,Novak Djokovic,01:16:02,2,6,92,0,1,3,2,30,40,2,1,2,40,52,2,0,0,0,0,0,0,0,0,0,0,0,0,0,0,0,0,0,0,0,0,6.068,5.941,1,124.0,BW,CTL,D,0.0,1.0,0,0,1,0.009399088728988082,-1.1442171443451379,1.1909184526213596
2023-wimbledon-1701,Carlos Alcaraz,Novak Djokovic,01:16:45,2,7,93,0,1,3,3,0,0,1,2,1,41,52,0,0,0,0,1,0,F,0,0,0,0,1,0,1,0,0,0,0,0,0,0,22.137,24.886,7,109.0,B,NCTL,ND,1.0,0.0,1,0,0,-0.025333852063728683,-1.1186700385036126,1.1876808457334833
2023-wimbledon-1701,Carlos Alcaraz,Novak Djokovic,01:17:34,2,7,94,0,1,3,3,15,0,1,1,1,42,52,0,0,0,0,1,0,B,0,0,0,0,0,1,0,0,0,0,0,0,0,0,67.927,70.53,11,129.0,W,NCTL,ND,1.0,0.0,1,0,1,-0.012251828723945379,-1.0775779986210492,1.1415720984122073
2023-wimbledon-1701,Carlos Alcaraz,Novak Djokovic,01:18:29,2,7,95,0,1,3,3,30,0,1,2,1,43,52,0,0,0,0,1,0,F,0,0,0,0,0,0,0,0,0,0,0,0,0,0,7.749,7.248,3,100.0,BC,NCTL,ND,1.0,0.0,1,0,0,0.012848097313987497,-1.2201827488563972,1.0805447927990413
2023-wimbledon-1701,Carlos Alcaraz,Novak Djokovic,01:19:11,2,7,96,0,1,3,3,40,0,1,1,1,44,52,1,0,1,0,1,0,0,0,0,0,0,0,0,0,0,0,0,0,0,0,0,0.694,0.879,1,119.0,W,CTL,,1.0,0.0,1,0,1,0.0034447832548849294,-1.2225089509431086,1.1276031419578398
2023-wimbledon-1701,Carlos Alcaraz,Novak Djokovic,01:21:22,2,8,97,0,1,4,3,0,0,2,2,2,44,53,0,0,0,0,0,1,F,0,0,0,0,0,0,0,0,0,0,0,0,0,0,10.209,8.91,3,104.0,BW,NCTL,ND,0.0,1.0,0,0,0,-0.00922218998778863,-1.1568925018543963,1.1535758511049792
2023-wimbledon-1701,Carlos Alcaraz,Novak Djokovic,01:22:31,2,8,98,0,1,4,3,0,15,2,1,1,45,53,0,0,0,0,0,0,0,0,0,0,0,0,0,0,0,0,0,0,0,0,0,47.513,40.412,12,115.0,C,NCTL,ND,1.0,0.0,1,0,1,0.011233770088161153,-1.1613282400613971,1.0695291520360948
2023-wimbledon-1701,Carlos Alcaraz,Novak Djokovic,01:23:20,2,8,99,0,1,4,3,15,15,2,2,2,45,54,0,0,0,0,0,0,0,0,0,0,0,0,0,0,0,0,0,0,0,0,0,35.813,32.302,9,91.0,C,NCTL,ND,0.0,1.0,0,0,0,-0.01160974288662042,-1.0846354380618564,1.2706407185485449
2023-wimbledon-1701,Carlos Alcaraz,Novak Djokovic,01:24:23,2,8,100,0,1,4,3,15,30,2,2,2,45,55,0,0,0,0,0,0,0,0,0,0,0,0,0,0,0,0,0,0,0,0,0,13.188,8.947,3,88.0,B,NCTL,D,0.0,1.0,0,0,0,0.013351328877205993,-1.1559508395909666,1.1431999406922597
2023-wimbledon-1701,Carlos Alcaraz,Novak Djokovic,01:25:13,2,8,101,0,1,4,3,15,40,2,2,2,45,56,2,0,0,0,0,0,0,0,0,1,0,1,0,0,0,0,0,0,0,0,0,5.991,3.844,1,91.0,BC,NCTL,D,0.0,1.0,0,0,0,-0.015571470767468761,-1.1846025906853521,1.1308263155848561
2023-wimbledon-1701,Carlos Alcaraz,Novak Djokovic,01:26:03,2,9,102,0,1,4,4,0,0,1,1,2,45,57,0,0,0,0,0,0,0,0,0,1,0,0,0,0,0,0,0,0,0,0,0,5.136,7.151,2,124.0,C,NCTL,ND,0.0,1.0,0,0,1,-0.016128277542813516,-1.0575280901269206,1.1444760861218573
2023-wimbledon-1701,Carlos Alcaraz,Novak Djokovic,01:26:31,2,9,103,0,1,4,4,0,15,1,2,1,46,57,0,0,0,0,1,0,F,0,0,0,0,0,0,0,0,0,0,0,0,0,0,21.813,24.744,7,108.0,C,NCTL,ND,1.0,0.0,1,0,0,-0.016858750769578202,-1.0933301973574392,1.1203959977671338
2023-wimbledon-1701,Carlos Alcaraz,Novak Djokovic,01:28:01,2,9,104,0,1,4,4,15,15,1,1,1,47,57,0,0,1,0,1,0,0,0,0,0,0,0,0,0,0,0,0,0,0,0,0,4.555,4.901,1,116.0,W,CTL,D,1.0,0.0,1,0,1,0.0074300505206723,-1.1448096438287463,1.0332217134771888
2023-wimbledon-1701,Carlos Alcaraz,Novak Djokovic,01:28:26,2,9,105,0,1,4,4,30,15,1,1,1,48,57,0,0,0,0,0,0,0,0,0,0,0,0,0,0,0,0,0,0,0,0,0,24.445,27.729,5,114.0,C,NCTL,ND,1.0,0.0,1,0,1,-0.026323410779113283,-1.1859632509693516,1.086265700665428
2023-wimbledon-1701,Carlos Alcaraz,Novak Djokovic,01:29:17,2,9,106,0,1,4,4,40,15,1,2,1,49,57,1,0,0,0,0,0,0,0,0,0,0,0,0,0,0,0,0,0,0,0,0,7.039,5.74,1,109.0,W,CTL,ND,1.0,0.0,1,0,0,-0.03353805066194451,-1.228993780314861,0.9570961116536525
2023-wimbledon-1701,Carlos Alcaraz,Novak Djokovic,01:31:34,2,10,107,0,1,5,4,0,0,2,1,1,50,57,0,0,0,0,0,0,0,0,0,0,1,0,0,0,0,0,0,0,0,0,0,9.818,8.185,2,125.0,C,CTL,D,1.0,0.0,1,0,1,-0.012561544628270131,-1.1855437998496403,1.0057932713038782
2023-wimbledon-1701,Carlos Alcaraz,Novak Djokovic,01:32:06,2,10,108,0,1,5,4,15,0,2,1,2,50,58,0,0,0,0,0,0,0,0,0,1,0,0,1,0,1,0,0,0,0,0,0,22.897,21.393,5,119.0,C,NCTL,ND,0.0,1.0,0,0,1,-0.02638690261673923,-1.0423216097024255,1.1808133753481422
2023-wimbledon-1701,Carlos Alcaraz,Novak Djokovic,01:32:50,2,10,109,0,1,5,4,15,15,2,1,2,50,59,0,0,0,0,0,0,0,0,0,0,0,0,0,0,0,0,0,0,0,0,0,38.314,9.701,3,109.0,W,NCTL,ND,0.0,1.0,0,0,1,-0.08840485869454628,-1.3517471700861712,0.8996639286050184
2023-wimbledon-1701,Carlos Alcaraz,Novak Djokovic,01:33:21,2,10,110,0,1,5,4,15,30,2,1,1,51,59,0,0,0,0,0,0,0,0,0,0,0,0,0,0,0,0,0,0,0,0,0,31.111,23.964,8,115.0,C,NCTL,ND,1.0,0.0,1,0,1,0.03748034160585326,-1.1578424618226073,1.0469991352601835
2023-wimbledon-1701,Carlos Alcaraz,Novak Djokovic,01:35:06,2,10,111,0,1,5,4,30,30,2,1,2,51,60,0,0,0,0,0,0,0,0,0,1,0,0,0,0,0,0,0,0,0,0,0,11.433,8.411,3,113.0,BW,NCTL,ND,0.0,1.0,0,0,1,0.012145296719886225,-1.256241389777103,1.0859049355252695
2023-wimbledon-1701,Carlos Alcaraz,Novak Djokovic,01:35:40,2,10,112,0,1,5,4,30,40,2,1,1,52,60,0,0,0,0,0,0,0,0,0,0,0,0,0,0,0,0,0,0,0,0,0,15.698,11.503,4,123.0,BW,NCTL,ND,1.0,0.0,1,0,1,0.01197021055745205,-1.1403639552936278,1.0715257955347786
2023-wimbledon-1701,Carlos Alcaraz,Novak Djokovic,01:36:21,2,10,113,0,1,5,4,40,40,2,1,2,52,61,0,0,0,0,0,0,0,0,0,1,0,0,0,0,0,0,0,0,0,0,0,46.149,41.892,13,115.0,BW,NCTL,ND,0.0,1.0,0,0,1,-0.020172976760748192,-1.115818364639704,1.1000919500397386
2023-wimbledon-1701,Carlos Alcaraz,Novak Djokovic,01:37:19,2,10,114,0,1,5,4,40,AD,2,2,2,52,62,2,0,0,0,0,0,0,0,0,0,0,0,0,0,0,0,0,0,0,0,0,44.282,51.118,9,85.0,B,NCTL,D,0.0,1.0,0,0,0,-0.01791134833612418,-1.2585038008368108,1.1060804475584918
2023-wimbledon-1701,Carlos Alcaraz,Novak Djokovic,01:38:38,2,11,115,0,1,5,5,0,0,1,2,2,52,63,0,0,0,0,0,0,0,0,0,1,0,0,0,0,0,0,0,0,0,0,0,15.082,12.785,4,106.0,BW,NCTL,D,0.0,1.0,0,0,0,0.002048068089749362,-1.1819075967307417,1.0924754072357825
2023-wimbledon-1701,Carlos Alcaraz,Novak Djokovic,01:39:23,2,11,116,0,1,5,5,0,15,1,2,1,53,63,0,0,0,0,0,0,0,0,0,0,0,0,0,0,0,0,0,0,0,0,0,51.171,77.904,15,101.0,BW,NCTL,ND,1.0,0.0,1,0,0,0.04710324498629569,-1.0822898871822357,1.1791103299334038
2023-wimbledon-1701,Carlos Alcaraz,Novak Djokovic,01:40:32,2,11,117,0,1,5,5,15,15,1,1,1,54,63,0,0,0,0,0,0,0,0,0,0,0,0,0,0,0,0,0,0,0,0,0,8.185,5.147,1,110.0,W,CTL,D,1.0,0.0,1,0,1,0.0062402366112190855,-1.0868694274036892,1.0367637453589038
2023-wimbledon-1701,Carlos Alcaraz,Novak Djokovic,01:41:01,2,11,118,0,1,5,5,30,15,1,1,1,55,63,0,0,0,0,0,0,0,0,0,0,0,0,0,0,0,0,0,0,0,0,0,2.423,2.431,1,132.0,B,NCTL,D,1.0,0.0,1,0,1,0.0034165477448039484,-1.0763002680060285,1.2332505991270089
2023-wimbledon-1701,Carlos Alcaraz,Novak Djokovic,01:41:28,2,11,119,0,1,5,5,40,15,1,1,1,56,63,1,0,0,0,0,0,0,0,0,0,0,0,0,0,0,0,0,0,0,0,0,11.46,11.333,1,126.0,C,CTL,ND,1.0,0.0,1,0,1,-0.028225239924849644,-1.2149280680848684,0.9646039526724138
2023-wimbledon-1701,Carlos Alcaraz,Novak Djokovic,01:43:24,2,12,120,0,1,6,5,0,0,2,1,2,56,64,0,0,0,0,0,1,B,0,0,0,0,0,0,0,0,0,0,0,0,0,0,26.376,15.557,5,122.0,C,CTL,ND,0.0,1.0,0,0,1,0.004838176021218894,-1.0007332640667885,1.2054108460160768
2023-wimbledon-1701,Carlos Alcaraz,Novak Djokovic,01:44:03,2,12,121,0,1,6,5,0,15,2,2,1,57,64,0,0,0,0,0,0,0,0,1,0,1,0,0,0,0,0,0,0,0,0,0,12.01,7.658,0,,C,CTL,ND,1.0,0.0,1,0,0,0.026631087706915406,-1.0858615126360607,1.1887443809280525
2023-wimbledon-1701,Carlos Alcaraz,Novak Djokovic,01:45:02,2,12,122,0,1,6,5,15,15,2,2,2,57,65,0,0,0,0,0,0,0,0,0,0,0,0,0,0,0,0,0,0,0,0,0,4.405,3.63,1,103.0,BW,NCTL,D,0.0,1.0,0,0,0,-0.01254432116454676,-1.1174796081060951,1.0929719146372392
2023-wimbledon-1701,Carlos Alcaraz,Novak Djokovic,01:45:46,2,12,123,0,1,6,5,15,30,2,1,1,58,65,0,0,0,0,0,0,0,0,0,0,1,0,0,0,0,0,0,0,0,0,0,57.365,26.817,8,122.0,C,NCTL,D,1.0,0.0,1,0,1,0.01982812233149049,-1.0715838705087,1.022365348307785
2023-wimbledon-1701,Carlos Alcaraz,Novak Djokovic,01:46:31,2,12,124,0,1,6,5,30,30,2,1,2,58,66,0,0,0,0,0,0,0,0,0,0,0,0,0,0,0,0,0,0,0,0,0,20.863,8.984,1,123.0,C,NCTL,D,0.0,1.0,0,0,1,-0.014061566980574368,-1.2715472221330395,0.9593030871637426
2023-wimbledon-1701,Carlos Alcaraz,Novak Djokovic,01:46:59,2,12,125,0,1,6,5,30,40,2,1,2,58,67,2,0,0,0,0,0,0,0,0,0,0,0,0,0,0,0,0,0,0,0,0,9.221,4.985,1,121.0,C,NCTL,D,0.0,1.0,0,0,1,0.010238789526620535,-1.1952589198314834,1.0422800925937874
2023-wimbledon-1701,Carlos Alcaraz,Novak Djokovic,01:47:38,2,13,126,0,1,6,6,0,0,1,2,2,58,68,0,0,0,0,0,0,0,0,0,1,0,0,0,0,0,0,0,0,0,0,0,18.221,19.372,4,106.0,BC,NCTL,D,0.0,1.0,0,0,0,-0.007067816227123691,-1.181076565109378,1.0668741995975082
2023-wimbledon-1701,Carlos Alcaraz,Novak Djokovic,01:48:37,2,13,127,0,1,6,6,0,1,2,1,2,58,69,0,0,0,0,0,0,0,0,0,0,0,0,0,0,0,0,0,0,0,0,0,14.208,9.977,1,118.0,C,NCTL,D,0.0,1.0,0,0,1,-0.030894967518001137,-1.2700794004835128,1.0546799733840746
2023-wimbledon-1701,Carlos Alcaraz,Novak Djokovic,01:49:07,2,13,128,0,1,6,6,0,2,2,1,2,58,70,0,0,0,0,0,0,0,0,0,0,0,0,0,0,0,0,0,0,0,0,0,7.534,5.259,1,124.0,C,NCTL,ND,0.0,1.0,0,0,1,-0.017882577983770197,-1.156920798592068,1.1296037529382381
2023-wimbledon-1701,Carlos Alcaraz,Novak Djokovic,01:49:43,2,13,129,0,1,6,6,0,3,1,1,1,59,70,0,0,0,0,0,0,0,0,0,0,0,0,0,0,0,0,0,0,0,0,0,3.906,7.066,1,128.0,W,CTL,D,1.0,0.0,1,0,1,-0.009845050939827654,-1.1835871196786871,1.0206597248968294
2023-wimbledon-1701,Carlos Alcaraz,Novak Djokovic,01:50:07,2,13,130,0,1,6,6,1,3,1,1,1,60,70,0,0,1,0,1,0,0,0,0,0,0,0,0,0,0,0,0,0,0,0,0,0.88,0.917,1,109.0,W,CTL,,1.0,0.0,1,0,1,-0.008414753690951909,-1.12871553957837,1.087618089083843
2023-wimbledon-1701,Carlos Alcaraz,Novak Djokovic,01:50:45,2,13,131,0,1,6,6,2,3,2,1,1,61,70,0,0,0,0,0,0,0,0,0,0,1,0,0,0,0,0,0,0,0,0,0,17.479,7.601,2,123.0,W,CTL,ND,1.0,0.0,1,0,1,-0.04548410005462145,-1.2744369591641846,1.0709427427270986
2023-wimbledon-1701,Carlos Alcaraz,Novak Djokovic,01:51:49,2,13,132,0,1,6,6,3,3,2,1,2,61,71,0,0,0,0,0,0,0,0,0,0,0,0,0,0,0,0,0,0,0,0,0,25.206,13.676,5,122.0,C,NCTL,ND,0.0,1.0,0,0,1,0.05553992972371,-1.0532233053915896,1.2062461542865224
2023-wimbledon-1701,Carlos Alcaraz,Novak Djokovic,01:52:29,2,13,133,0,1,6,6,3,4,1,2,1,62,71,0,0,0,0,1,0,F,0,0,0,0,0,0,0,0,0,0,0,0,0,0,7.205,9.965,3,101.0,W,CTL,ND,1.0,0.0,1,0,0,-0.0253561151175217,-1.2333570600856325,1.0634375103909939
2023-wimbledon-1701,Carlos Alcaraz,Novak Djokovic,01:53:15,2,13,134,0,1,6,6,4,4,1,1,1,63,71,0,0,0,0,1,0,F,0,0,0,0,0,0,0,0,0,0,0,0,0,0,49.102,57.632,13,128.0,C,NCTL,ND,1.0,0.0,1,0,1,0.06306035542561998,-1.1287144179079571,1.0772752459707498
2023-wimbledon-1701,Carlos Alcaraz,Novak Djokovic,01:54:58,2,13,135,0,1,6,6,5,4,2,2,2,63,72,0,0,0,0,0,0,0,0,0,0,0,1,0,0,0,0,0,0,0,0,0,19.692,21.44,5,112.0,BC,NCTL,ND,0.0,1.0,0,0,0,0.02498611552183289,-1.030516138175293,1.2069272561591076
2023-wimbledon-1701,Carlos Alcaraz,Novak Djokovic,01:56:00,2,13,136,0,1,6,6,5,5,2,1,2,63,73,0,0,0,0,0,1,B,0,0,0,0,1,0,0,0,0,0,0,0,0,0,56.398,56.597,17,121.0,C,NCTL,D,0.0,1.0,0,0,1,0.022494244607610556,-1.1969414262916007,1.0962886247615937
2023-wimbledon-1701,Carlos Alcaraz,Novak Djokovic,01:57:02,2,13,137,0,1,6,6,5,6,1,1,1,64,73,0,0,0,0,0,0,0,0,0,0,1,0,0,0,0,0,0,0,0,0,0,22.045,10.921,3,120.0,W,NCTL,D,1.0,0.0,1,0,1,0.034088130840472214,-1.0865236282089614,1.1513213004826486
2023-wimbledon-1701,Carlos Alcaraz,Novak Djokovic,01:58:15,2,13,138,0,1,6,6,6,6,1,2,1,65,73,0,0,0,0,0,0,0,0,0,0,1,0,0,0,0,0,0,0,0,0,0,10.338,11.191,3,97.0,BC,CTL,ND,1.0,0.0,1,0,0,0.011009894055447054,-1.2173454382636804,1.1203629039360774
2023-wimbledon-1701,Carlos Alcaraz,Novak Djokovic,01:59:06,2,13,139,0,1,6,6,7,6,2,1,1,66,73,1,1,0,0,1,0,B,0,0,0,0,0,1,0,0,0,0,0,0,0,0,5.329,5.955,2,118.0,W,CTL,D,1.0,0.0,1,0,1,-0.004492999674649025,-1.012634680274522,1.1227833175685522
2023-wimbledon-1701,Carlos Alcaraz,Novak Djokovic,02:02:01,3,1,140,1,1,0,0,0,0,2,1,1,67,73,0,0,0,0,0,0,0,0,0,0,1,0,0,0,0,0,0,0,0,0,0,14.737,7.867,2,106.0,W,CTL,D,1.0,0.0,1,0,1,-0.020070518692174168,-1.0611389197397343,1.1154413780262822
2023-wimbledon-1701,Carlos Alcaraz,Novak Djokovic,02:02:31,3,1,141,1,1,0,0,15,0,2,1,2,67,74,0,0,0,0,0,0,0,0,0,1,0,0,0,0,0,0,0,0,0,0,0,48.376,52.512,13,121.0,W,NCTL,D,0.0,1.0,0,0,1,-0.0027080162574701226,-1.1471114589412068,1.1355243608868408
2023-wimbledon-1701,Carlos Alcaraz,Novak Djokovic,02:03:20,3,1,142,1,1,0,0,15,15,2,1,2,67,75,0,0,0,1,0,1,0,0,0,0,0,0,0,0,0,0,0,0,0,0,0,6.161,4.586,1,110.0,W,CTL,,0.0,1.0,0,0,1,-0.016557752762676233,-1.0499914539369828,1.1863187918667302
2023-wimbledon-1701,Carlos Alcaraz,Novak Djokovic,02:04:02,3,1,143,1,1,0,0,15,30,2,1,1,68,75,0,0,0,0,1,0,B,0,0,0,0,0,0,0,0,0,0,0,0,0,0,21.503,16.386,6,123.0,W,NCTL,ND,1.0,0.0,1,0,1,-0.02157769801940333,-1.0916247516340796,1.1764107913620598
2023-wimbledon-1701,Carlos Alcaraz,Novak Djokovic,02:04:40,3,1,144,1,1,0,0,30,30,2,1,1,69,75,0,0,0,0,0,0,0,0,0,0,0,1,0,1,0,0,0,0,0,0,0,61.566,40.594,10,109.0,W,CTL,ND,1.0,0.0,1,0,1,0.04122930149532365,-0.9359497282300488,1.2867148614969641
2023-wimbledon-1701,Carlos Alcaraz,Novak Djokovic,02:05:29,3,1,145,1,1,0,0,40,30,2,2,2,69,76,0,0,0,0,0,0,0,0,0,1,0,0,0,0,0,1,0,0,0,1,0,6.133,5.221,1,91.0,W,CTL,D,0.0,1.0,0,0,0,0.04554721840393935,-1.0939634594256389,1.1491039215897785
2023-wimbledon-1701,Carlos Alcaraz,Novak Djokovic,02:06:14,3,1,146,1,1,0,0,40,40,2,1,1,70,76,0,0,0,0,1,0,B,0,0,0,0,0,1,0,0,0,0,0,0,0,0,40.155,39.991,12,125.0,B,NCTL,ND,1.0,0.0,1,0,1,0.023554075850782983,-1.0244162361243154,1.1711305430242462
2023-wimbledon-1701,Carlos Alcaraz,Novak Djokovic,02:07:43,3,1,147,1,1,0,0,AD,40,2,2,1,71,76,1,0,0,0,0,0,0,0,0,0,1,0,0,0,0,1,0,1,0,0,0,17.37,16.764,4,83.0,B,NCTL,ND,1.0,0.0,1,0,0,-0.026761675377724066,-1.1805853381683868,1.0913238743436302
2023-wimbledon-1701,Carlos Alcaraz,Novak Djokovic,02:09:21,3,2,148,1,1,1,0,0,0,1,1,2,71,77,0,0,0,0,0,0,0,0,0,1,0,0,0,0,0,0,0,0,0,0,0,82.852,81.82,18,113.0,BW,NCTL,,0.0,1.0,0,0,1,0.02254367805321397,-1.054826719645146,1.1085527350717264
2023-wimbledon-1701,Carlos Alcaraz,Novak Djokovic,02:10:13,3,2,149,1,1,1,0,0,15,1,1,1,72,77,0,0,0,0,0,0,0,0,0,0,0,0,0,0,0,0,0,0,0,0,0,6.12,8.534,1,120.0,C,NCTL,ND,1.0,0.0,1,0,1,0.019558658132308872,-1.0999278509887933,1.1339260936657725
2023-wimbledon-1701,Carlos Alcaraz,Novak Djokovic,02:10:37,3,2,150,1,1,1,0,15,15,1,1,1,73,77,0,0,0,0,0,0,0,0,0,0,0,0,0,0,0,0,0,0,0,0,0,4.728,7.153,1,120.0,BC,CTL,D,1.0,0.0,1,0,1,0.02860723085175132,-1.063763026366083,1.3074234017786344
2023-wimbledon-1701,Carlos Alcaraz,Novak Djokovic,02:11:03,3,2,151,1,1,1,0,30,15,1,2,1,74,77,0,0,0,0,0,0,0,0,0,0,1,0,0,0,0,0,0,0,0,0,0,12.798,9.835,3,91.0,BW,NCTL,D,1.0,0.0,1,0,0,-0.004785149142991194,-1.009540990522518,1.1994898685077147
2023-wimbledon-1701,Carlos Alcaraz,Novak Djokovic,02:11:49,3,2,152,1,1,1,0,40,15,1,2,2,74,78,0,0,0,0,0,0,0,0,0,1,0,0,0,0,0,0,0,0,0,0,0,17.795,20.948,4,96.0,B,NCTL,D,0.0,1.0,0,0,0,0.01824687285652469,-1.1377979567861223,1.0979576549307837
2023-wimbledon-1701,Carlos Alcaraz,Novak Djokovic,02:12:32,3,2,153,1,1,1,0,40,30,1,1,1,75,78,1,0,0,0,0,0,0,0,0,0,0,0,0,0,0,0,0,0,0,0,0,5.943,9.73,1,126.0,B,NCTL,ND,1.0,0.0,1,0,1,0.001655511392878399,-1.0845909068990274,1.2049927312545001
2023-wimbledon-1701,Carlos Alcaraz,Novak Djokovic,02:13:01,3,3,154,1,1,2,0,0,0,2,1,2,75,79,0,0,0,0,0,0,0,0,0,0,0,0,0,0,0,0,0,0,0,0,0,5.689,4.021,1,120.0,C,NCTL,ND,0.0,1.0,0,0,1,-0.011586319745107992,-1.0655742337342373,1.2588192305182053
2023-wimbledon-1701,Carlos Alcaraz,Novak Djokovic,02:13:21,3,3,155,1,1,2,0,0,15,2,1,1,76,79,0,0,0,0,1,0,F,0,0,0,0,1,0,1,0,0,0,0,0,0,0,59.146,47.871,16,120.0,W,NCTL,D,1.0,0.0,1,0,1,0.021182161641608358,-1.2455722475206699,0.9539547706640426
2023-wimbledon-1701,Carlos Alcaraz,Novak Djokovic,02:14:16,3,3,156,1,1,2,0,15,15,2,1,1,77,79,0,0,0,0,0,0,0,0,0,0,1,0,0,0,0,0,0,0,0,0,0,22.259,21.156,6,120.0,C,NCTL,D,1.0,0.0,1,0,1,-0.024405626613429453,-1.0568404703529726,1.0840244426496464
2023-wimbledon-1701,Carlos Alcaraz,Novak Djokovic,02:14:54,3,3,157,1,1,2,0,30,15,2,2,2,77,80,0,0,0,0,0,0,0,0,0,0,0,0,1,0,1,0,0,0,0,0,0,50.638,36.217,11,101.0,BW,CTL,ND,0.0,1.0,0,0,0,0.008271494914654808,-0.8743078391026406,1.2249644854572441
2023-wimbledon-1701,Carlos Alcaraz,Novak Djokovic,02:16:00,3,3,158,1,1,2,0,30,30,2,1,2,77,81,0,0,0,0,0,0,0,0,0,0,0,0,0,0,0,0,0,0,0,0,0,10.845,5.871,1,115.0,W,CTL,D,0.0,1.0,0,0,1,0.01128025336382832,-1.0650970460427083,1.02755638474685
2023-wimbledon-1701,Carlos Alcaraz,Novak Djokovic,02:16:45,3,3,159,1,1,2,0,30,40,2,2,2,77,82,2,0,0,0,0,0,0,0,0,0,0,0,0,0,0,0,0,0,0,0,0,6.171,4.287,1,109.0,BC,NCTL,ND,0.0,1.0,0,0,0,-0.026379398217880653,-1.1563354631573681,1.1354488490556467
2023-wimbledon-1701,Carlos Alcaraz,Novak Djokovic,02:19:00,3,4,160,1,1,2,1,0,0,1,1,1,78,82,0,0,0,0,0,0,0,0,0,0,1,0,0,0,0,0,0,0,0,0,0,36.011,77.318,11,115.0,W,CTL,ND,1.0,0.0,1,0,1,0.043387608704505226,-1.0259259477840743,1.2168031581282042
2023-wimbledon-1701,Carlos Alcaraz,Novak Djokovic,02:19:40,3,4,161,1,1,2,1,15,0,1,1,2,78,83,0,0,0,0,0,0,0,0,0,1,0,1,0,0,0,0,0,0,0,0,0,9.308,12.899,2,114.0,C,NCTL,ND,0.0,1.0,0,0,1,0.022323187448527834,-0.9976592752124148,1.2185840858292247
2023-wimbledon-1701,Carlos Alcaraz,Novak Djokovic,02:20:07,3,4,162,1,1,2,1,15,15,1,1,2,78,84,0,0,0,0,0,0,0,0,0,1,0,1,0,0,0,0,0,0,0,0,0,15.465,16.482,4,113.0,BC,NCTL,ND,0.0,1.0,0,0,1,-0.005666550188645099,-1.219996339519121,1.1601906831635902
2023-wimbledon-1701,Carlos Alcaraz,Novak Djokovic,02:20:41,3,4,163,1,1,2,1,15,30,1,2,2,78,85,0,0,0,0,0,0,0,0,0,1,0,0,0,0,0,0,0,0,0,0,0,33.253,33.692,10,102.0,BW,NCTL,ND,0.0,1.0,0,0,0,0.00806341331698492,-1.095717754357729,1.0940923320879838
2023-wimbledon-1701,Carlos Alcaraz,Novak Djokovic,02:21:37,3,4,164,1,1,2,1,15,40,1,2,1,79,85,0,0,0,0,0,0,0,0,0,0,1,0,0,0,0,0,1,0,0,0,1,30.944,34.291,9,102.0,BC,NCTL,ND,1.0,0.0,1,0,0,-0.015209132576234867,-1.0176988484600276,1.0983538198545804
2023-wimbledon-1701,Carlos Alcaraz,Novak Djokovic,02:22:32,3,4,165,1,1,2,1,30,40,1,2,1,80,85,0,0,0,0,1,0,0,0,0,0,0,0,0,0,0,0,1,0,0,0,1,1.526,1.532,1,112.0,BC,NCTL,,1.0,0.0,1,0,0,-0.026016708512402377,-1.20653531753307,1.090194925801604
2023-wimbledon-1701,Carlos Alcaraz,Novak Djokovic,02:23:42,3,4,166,1,1,2,1,40,40,1,2,1,81,85,0,0,0,0,1,0,F,0,0,0,0,1,0,1,0,0,0,0,0,0,0,11.614,10.625,3,97.0,C,NCTL,ND,1.0,0.0,1,0,0,-0.03322191939533826,-1.0858034866159822,1.0829193951133411
2023-wimbledon-1701,Carlos Alcaraz,Novak Djokovic,02:24:29,3,4,167,1,1,2,1,AD,40,1,1,1,82,85,1,0,0,0,0,0,0,0,0,0,0,0,0,0,0,0,0,0,0,0,0,7.867,6.42,1,128.0,C,NCTL,D,1.0,0.0,1,0,1,0.044275652681574906,-1.1307386948161142,1.1427299144274667
2023-wimbledon-1701,Carlos Alcaraz,Novak Djokovic,02:26:08,3,5,168,1,1,3,1,0,0,2,1,1,83,85,0,0,0,0,0,0,0,0,0,0,0,0,1,0,0,0,0,0,0,0,0,11.662,11.26,2,109.0,W,NCTL,,1.0,0.0,1,0,1,-0.02908471930065812,-1.1749417000532634,1.0825204777146678
2023-wimbledon-1701,Carlos Alcaraz,Novak Djokovic,02:26:35,3,5,169,1,1,3,1,15,0,2,2,2,83,86,0,0,0,0,0,0,0,0,0,0,0,0,0,0,0,0,0,0,0,0,0,5.66,5.121,1,109.0,BC,NCTL,D,0.0,1.0,0,0,0,0.01641445104458306,-1.1590541532403924,1.1733750955566575
2023-wimbledon-1701,Carlos Alcaraz,Novak Djokovic,02:27:11,3,5,170,1,1,3,1,15,15,2,2,2,83,87,0,0,0,0,0,0,0,0,0,0,0,0,0,0,0,0,0,0,0,0,0,11.628,10.26,3,87.0,BC,NCTL,D,0.0,1.0,0,0,0,-0.024221115122001025,-1.0826226222636715,1.1107038922198071
2023-wimbledon-1701,Carlos Alcaraz,Novak Djokovic,02:28:31,3,5,171,1,1,3,1,15,30,2,2,2,83,88,0,0,0,0,0,1,B,0,0,0,0,0,1,0,1,0,0,0,0,0,0,22.347,20.587,5,84.0,BW,NCTL,ND,0.0,1.0,0,0,0,-0.004998918785659199,-1.05134015229632,1.0982332275809699
2023-wimbledon-1701,Carlos Alcaraz,Novak Djokovic,02:29:41,3,5,172,1,1,3,1,15,40,2,2,1,84,88,0,0,0,0,1,0,F,0,0,0,0,1,0,1,0,0,0,0,0,0,0,14.057,10.284,4,92.0,C,NCTL,ND,1.0,0.0,1,0,0,-0.01601284566456221,-1.219570684873644,1.023702749333401
2023-wimbledon-1701,Carlos Alcaraz,Novak Djokovic,02:30:22,3,5,173,1,1,3,1,30,40,2,1,1,85,88,0,0,0,0,0,0,0,0,0,0,1,0,0,0,0,0,0,0,0,0,0,10.594,9.202,2,118.0,BW,NCTL,ND,1.0,0.0,1,0,1,0.041993126003978795,-1.036412929059379,1.1279002892312828
2023-wimbledon-1701,Carlos Alcaraz,Novak Djokovic,02:30:52,3,5,174,1,1,3,1,40,40,2,2,2,85,89,0,0,0,0,0,1,F,0,0,0,0,0,1,0,1,0,0,0,0,0,0,8.528,5.6,3,98.0,C,NCTL,ND,0.0,1.0,0,0,0,-0.0006666937651002322,-1.1028460770875879,1.0718825048578822
2023-wimbledon-1701,Carlos Alcaraz,Novak Djokovic,02:31:32,3,5,175,1,1,3,1,40,AD,2,2,1,86,89,0,0,0,0,0,0,0,0,0,0,0,0,0,0,0,0,0,0,0,0,0,49.295,41.442,12,93.0,B,NCTL,ND,1.0,0.0,1,0,0,0.004409501089056901,-1.1847191692045687,1.019714289132745
2023-wimbledon-1701,Carlos Alcaraz,Novak Djokovic,02:32:34,3,5,176,1,1,3,1,40,40,2,1,2,86,90,0,0,0,0,0,1,B,0,0,0,0,0,0,0,0,0,0,0,0,0,0,30.711,22.401,9,110.0,W,CTL,ND,0.0,1.0,0,0,1,-0.01854856290241178,-1.176339908491357,1.0472893915160684
2023-wimbledon-1701,Carlos Alcaraz,Novak Djokovic,02:33:15,3,5,177,1,1,3,1,40,AD,2,1,1,87,90,0,0,0,0,0,0,0,0,0,0,1,0,0,0,0,0,0,0,0,0,0,17.179,9.529,2,115.0,BW,CTL,ND,1.0,0.0,1,0,1,-0.009609869893498246,-1.1737371757582955,1.0152548641790948
2023-wimbledon-1701,Carlos Alcaraz,Novak Djokovic,02:34:06,3,5,178,1,1,3,1,40,40,2,1,1,88,90,0,0,0,0,0,0,0,0,0,0,1,0,0,0,0,0,0,0,0,0,0,12.06,8.731,2,120.0,C,NCTL,D,1.0,0.0,1,0,1,0.011140747983106391,-1.0915873020239162,1.1758434564817282
2023-wimbledon-1701,Carlos Alcaraz,Novak Djokovic,02:34:44,3,5,179,1,1,3,1,AD,40,2,1,2,88,91,0,0,0,0,0,0,0,0,0,0,0,0,0,0,0,1,0,0,0,1,0,23.133,17.896,5,122.0,C,NCTL,D,0.0,1.0,0,0,1,0.010956667264821227,-1.203301098680575,1.1168710701757796
2023-wimbledon-1701,Carlos Alcaraz,Novak Djokovic,02:35:17,3,5,180,1,1,3,1,40,40,2,2,2,88,92,0,0,0,0,0,1,F,0,0,0,0,0,0,0,0,0,0,0,0,0,0,19.597,19.454,7,105.0,B,NCTL,ND,0.0,1.0,0,0,0,-0.02180832210660676,-1.0855619674335486,1.1777388821784014
2023-wimbledon-1701,Carlos Alcaraz,Novak Djokovic,02:36:24,3,5,181,1,1,3,1,40,AD,2,1,1,89,92,0,0,0,0,0,0,0,0,0,0,1,0,0,0,0,0,0,0,0,0,0,16.92,13.841,4,109.0,C,NCTL,ND,1.0,0.0,1,0,1,0.024802191951441427,-1.0338223863917169,1.2102871207379826
2023-wimbledon-1701,Carlos Alcaraz,Novak Djokovic,02:38:07,3,5,182,1,1,3,1,40,40,2,2,1,90,92,0,0,0,0,0,0,0,0,1,0,1,0,0,0,0,0,0,0,0,0,0,4.841,3.234,0,,W,CTL,ND,1.0,0.0,1,0,0,0.03708443493166277,-1.2598856159929994,1.1550100981242883
2023-wimbledon-1701,Carlos Alcaraz,Novak Djokovic,02:38:49,3,5,183,1,1,3,1,AD,40,2,1,2,90,93,0,0,0,0,0,0,0,0,0,0,0,0,0,0,0,1,0,0,0,1,0,26.683,28.15,7,118.0,W,NCTL,D,0.0,1.0,0,0,1,-0.020570002857036543,-1.1994395811712133,1.064868297098311
2023-wimbledon-1701,Carlos Alcaraz,Novak Djokovic,02:39:29,3,5,184,1,1,3,1,40,40,2,1,2,90,94,0,0,0,0,0,1,F,0,0,0,0,0,1,0,1,0,0,0,0,0,0,32.655,18.565,7,120.0,C,NCTL,ND,0.0,1.0,0,0,1,0.002279705887396183,-1.073567660556878,1.2715447218232068
2023-wimbledon-1701,Carlos Alcaraz,Novak Djokovic,02:40:07,3,5,185,1,1,3,1,40,AD,2,2,1,91,94,0,0,0,0,0,0,0,0,0,0,0,0,0,0,0,0,0,0,0,0,0,9.576,7.279,2,89.0,BW,NCTL,ND,1.0,0.0,1,0,0,8.289829674744814e-05,-1.159543010431505,1.0818426704396276
2023-wimbledon-1701,Carlos Alcaraz,Novak Djokovic,02:41:01,3,5,186,1,1,3,1,40,40,2,2,1,92,94,0,0,0,0,0,0,0,0,0,0,1,0,0,0,0,0,0,0,0,0,0,49.941,49.722,14,111.0,BW,NCTL,ND,1.0,0.0,1,0,0,-0.01563884298495896,-1.0643668057119924,1.1510202435981236
2023-wimbledon-1701,Carlos Alcaraz,Novak Djokovic,02:42:05,3,5,187,1,1,3,1,AD,40,2,1,2,92,95,0,0,0,0,0,0,0,0,0,0,0,0,1,0,1,1,0,0,0,1,0,15.414,12.083,3,117.0,C,NCTL,ND,0.0,1.0,0,0,1,0.015857517529257344,-1.182868835776291,1.042877821904784
2023-wimbledon-1701,Carlos Alcaraz,Novak Djokovic,02:42:38,3,5,188,1,1,3,1,40,40,2,1,2,92,96,0,0,0,0,0,0,0,0,0,1,0,0,0,0,0,0,0,0,0,0,0,21.307,19.946,5,122.0,C,NCTL,ND,0.0,1.0,0,0,1,0.028703874807941565,-1.1367826250066675,1.2875870657847297
2023-wimbledon-1701,Carlos Alcaraz,Novak Djokovic,02:43:11,3,5,189,1,1,3,1,40,AD,2,1,1,93,96,0,0,0,0,0,0,0,0,0,0,1,0,0,0,0,0,0,0,0,0,0,39.681,33.505,10,120.0,BC,NCTL,ND,1.0,0.0,1,0,1,-0.0123572078831582,-1.2315878207331938,1.0507900311875618
2023-wimbledon-1701,Carlos Alcaraz,Novak Djokovic,02:44:03,3,5,190,1,1,3,1,40,40,2,2,1,94,96,0,0,0,0,0,0,0,0,0,0,0,0,0,0,0,0,0,0,0,0,0,32.354,34.417,8,93.0,B,NCTL,ND,1.0,0.0,1,0,0,0.0009596330302452894,-1.147104846121619,1.0794551933482606
2023-wimbledon-1701,Carlos Alcaraz,Novak Djokovic,02:45:06,3,5,191,1,1,3,1,AD,40,2,1,2,94,97,0,0,0,0,0,0,0,0,0,0,0,0,1,0,1,1,0,0,0,1,0,18.119,15.185,3,122.0,W,CTL,,0.0,1.0,0,0,1,-0.005400783641004864,-1.0898418097071336,1.1846206006701867
2023-wimbledon-1701,Carlos Alcaraz,Novak Djokovic,02:45:39,3,5,192,1,1,3,1,40,40,2,2,1,95,97,0,0,0,0,0,0,0,0,0,0,1,0,1,0,0,0,0,0,0,0,0,24.36,14.498,4,111.0,W,NCTL,ND,1.0,0.0,1,0,0,0.01662289595720901,-1.1115744611653793,1.1554203730812274
2023-wimbledon-1701,Carlos Alcaraz,Novak Djokovic,02:46:35,3,5,193,1,1,3,1,AD,40,2,1,2,95,98,0,0,0,0,0,0,0,0,0,0,0,0,0,0,0,1,0,0,0,1,0,8.69,5.85,1,120.0,C,NCTL,ND,0.0,1.0,0,0,1,-0.02023000462951626,-1.0898945089755336,1.1207560888349561
2023-wimbledon-1701,Carlos Alcaraz,Novak Djokovic,02:47:01,3,5,194,1,1,3,1,40,40,2,1,1,96,98,0,0,0,0,0,0,0,0,0,0,0,0,0,0,0,0,0,0,0,0,0,33.074,32.149,8,118.0,C,CTL,D,1.0,0.0,1,0,1,-0.0066925817321503885,-1.2030193390866089,1.024993285345684
2023-wimbledon-1701,Carlos Alcaraz,Novak Djokovic,02:47:47,3,5,195,1,1,3,1,AD,40,2,2,2,96,99,0,0,0,0,0,0,0,0,0,0,0,0,0,0,0,1,0,0,0,1,0,12.75,13.536,1,107.0,BC,NCTL,D,0.0,1.0,0,0,0,0.016544557839382273,-1.0124247400521056,1.2065157890460845
2023-wimbledon-1701,Carlos Alcaraz,Novak Djokovic,02:48:55,3,5,196,1,1,3,1,40,40,2,2,2,96,100,0,0,0,0,0,0,0,0,0,1,0,0,0,0,0,0,0,0,0,0,0,33.545,25.644,9,102.0,BW,NCTL,ND,0.0,1.0,0,0,0,-0.01983634997106406,-1.1841680003077408,1.0220779129339312
2023-wimbledon-1701,Carlos Alcaraz,Novak Djokovic,02:50:04,3,5,197,1,1,3,1,40,AD,2,2,1,97,100,0,0,0,0,1,0,B,0,0,0,0,0,1,0,0,0,0,0,0,0,0,41.181,29.979,10,101.0,BC,NCTL,ND,1.0,0.0,1,0,0,0.026407866495939958,-1.183560664280023,1.151949930738723
2023-wimbledon-1701,Carlos Alcaraz,Novak Djokovic,02:51:11,3,5,198,1,1,3,1,40,40,2,1,1,98,100,0,0,0,0,0,0,0,0,0,0,1,0,0,0,0,0,0,0,0,0,0,51.822,38.664,10,113.0,W,CTL,ND,1.0,0.0,1,0,1,0.039604384813084294,-1.0253892284963328,1.1384804874557315
2023-wimbledon-1701,Carlos Alcaraz,Novak Djokovic,02:52:06,3,5,199,1,1,3,1,AD,40,2,1,1,99,100,1,0,0,0,0,0,0,0,0,0,1,0,0,0,0,1,0,1,0,0,0,8.884,6.658,2,123.0,B,CTL,ND,1.0,0.0,1,0,1,-0.05505284296410567,-1.1219286814463785,1.0713013394353048
2023-wimbledon-1701,Carlos Alcaraz,Novak Djokovic,02:54:24,3,6,200,1,1,4,1,0,0,1,1,1,100,100,0,0,0,0,0,0,0,0,0,0,0,0,0,0,0,0,0,0,0,0,0,8.389,9.606,1,129.0,B,NCTL,D,1.0,0.0,1,0,1,0.003632082556621539,-1.1398076795938719,1.0787322356603908
2023-wimbledon-1701,Carlos Alcaraz,Novak Djokovic,02:54:45,3,6,201,1,1,4,1,15,0,1,1,1,101,100,0,0,0,0,0,0,0,0,0,0,1,0,0,0,0,0,0,0,0,0,0,22.923,24.883,5,119.0,C,NCTL,ND,1.0,0.0,1,0,1,-0.00021023686735478179,-1.028115483703955,1.164590754085458
2023-wimbledon-1701,Carlos Alcaraz,Novak Djokovic,02:55:21,3,6,202,1,1,4,1,30,0,1,1,1,102,100,0,0,0,0,0,0,0,0,0,0,0,0,0,0,0,0,0,0,0,0,0,3.746,3.473,1,114.0,BC,CTL,ND,1.0,0.0,1,0,1,-0.022231865232894422,-1.0513040381478382,1.2119927985337362
2023-wimbledon-1701,Carlos Alcaraz,Novak Djokovic,02:55:41,3,6,203,1,1,4,1,40,0,1,1,2,102,101,0,0,0,0,0,0,0,0,0,0,0,0,0,0,0,0,0,0,0,0,0,6.683,9.284,2,120.0,W,CTL,D,0.0,1.0,0,0,1,-0.0043247296020643144,-0.9938196974199326,1.1484508898833854
2023-wimbledon-1701,Carlos Alcaraz,Novak Djokovic,02:56:03,3,6,204,1,1,4,1,40,15,1,2,1,103,101,1,0,0,0,0,0,0,0,0,0,0,0,0,0,0,0,0,0,0,0,0,10.654,8.278,1,112.0,C,NCTL,D,1.0,0.0,1,0,0,0.05668347525336128,-1.0673886764619254,1.2665517500892922
2023-wimbledon-1701,Carlos Alcaraz,Novak Djokovic,02:57:04,3,7,205,1,1,5,1,0,0,2,1,1,104,101,0,0,0,0,1,0,F,0,0,0,0,0,1,0,0,0,0,0,0,0,0,10.872,10.246,4,111.0,BW,CTL,ND,1.0,0.0,1,0,1,-0.018826284092685195,-1.1222606039595484,1.1000441375686885
2023-wimbledon-1701,Carlos Alcaraz,Novak Djokovic,02:57:28,3,7,206,1,1,5,1,15,0,2,2,1,105,101,0,0,0,0,1,0,F,0,0,0,0,0,0,0,0,0,0,0,0,0,0,5.061,3.435,2,108.0,BC,NCTL,ND,1.0,0.0,1,0,0,0.0044127755967237805,-1.1456173028857728,1.0601309486089299
2023-wimbledon-1701,Carlos Alcaraz,Novak Djokovic,02:58:04,3,7,207,1,1,5,1,30,0,2,1,1,106,101,0,0,0,0,0,0,0,0,0,0,1,0,1,0,0,0,0,0,0,0,0,12.479,9.074,2,118.0,C,NCTL,,1.0,0.0,1,0,1,-0.03676675331687353,-1.1285209397969655,1.1119171748714882
2023-wimbledon-1701,Carlos Alcaraz,Novak Djokovic,02:58:24,3,7,208,1,1,5,1,40,0,2,1,2,106,102,0,0,0,0,0,0,0,0,0,0,0,0,1,0,1,1,0,0,0,1,0,4.957,5.897,1,119.0,BW,NCTL,D,0.0,1.0,0,0,1,0.052038670721826906,-0.9151128789555045,1.2711381211817663
2023-wimbledon-1701,Carlos Alcaraz,Novak Djokovic,02:58:42,3,7,209,1,1,5,1,40,15,2,1,1,107,102,1,1,0,0,1,0,B,0,0,0,0,0,1,0,0,1,0,1,0,0,0,11.257,11.635,4,121.0,BC,NCTL,,1.0,0.0,1,0,1,-0.011602681639364868,-1.0518320086269526,1.2648041175207914
2023-wimbledon-1701,Carlos Alcaraz,Novak Djokovic,03:06:09,4,1,210,2,1,0,0,0,0,1,1,2,107,103,0,0,0,0,0,0,0,0,0,0,0,0,0,0,0,0,0,0,0,0,0,17.067,18.813,4,116.0,BW,NCTL,ND,0.0,1.0,0,0,1,0.0314980203845846,-1.125862423802519,1.17172724333559
2023-wimbledon-1701,Carlos Alcaraz,Novak Djokovic,03:06:36,4,1,211,2,1,0,0,0,15,1,2,2,107,104,0,0,0,0,0,0,0,1,0,1,0,0,0,0,0,0,0,0,0,0,0,3.792,3.847,0,,BW,CTL,,0.0,1.0,0,0,0,0.04575970401360219,-0.9667553281570619,1.2527482953045241
2023-wimbledon-1701,Carlos Alcaraz,Novak Djokovic,03:07:16,4,1,212,2,1,0,0,0,30,1,1,1,108,104,0,0,0,0,0,0,0,0,0,0,0,0,0,0,0,0,0,0,0,0,0,5.53,6.285,1,130.0,C,NCTL,ND,1.0,0.0,1,0,1,-0.015342957815056466,-1.053122752075186,1.1754032141851745
2023-wimbledon-1701,Carlos Alcaraz,Novak Djokovic,03:07:56,4,1,213,2,1,0,0,15,30,1,1,1,109,104,0,0,0,0,0,0,0,0,0,0,0,0,0,0,0,0,0,0,0,0,0,18.118,31.364,5,128.0,BW,CTL,ND,1.0,0.0,1,0,1,0.020961435562130388,-1.1064422651631216,1.133540597535416
2023-wimbledon-1701,Carlos Alcaraz,Novak Djokovic,03:08:31,4,1,214,2,1,0,0,30,30,1,1,1,110,104,0,0,0,0,0,0,0,0,0,0,0,1,0,1,0,0,0,0,0,0,0,36.133,28.944,5,118.0,BC,NCTL,ND,1.0,0.0,1,0,1,0.03131664828186375,-1.0104817870734646,1.1516961541696686
2023-wimbledon-1701,Carlos Alcaraz,Novak Djokovic,03:09:09,4,1,215,2,1,0,0,40,30,1,1,1,111,104,1,0,0,0,0,0,0,0,0,0,0,1,0,1,0,0,0,0,0,0,0,8.777,21.412,1,123.0,C,NCTL,ND,1.0,0.0,1,0,1,0.009714589144395776,-1.246743866824114,0.9840400154803876
2023-wimbledon-1701,Carlos Alcaraz,Novak Djokovic,03:10:06,4,2,216,2,1,1,0,0,0,2,1,1,112,104,0,0,0,0,0,0,0,0,0,0,0,0,0,0,0,0,0,0,0,0,0,121.06,36.759,12,108.0,BW,NCTL,ND,1.0,0.0,1,0,1,0.01961728307072345,-1.0706073746810907,1.237675754232055
2023-wimbledon-1701,Carlos Alcaraz,Novak Djokovic,03:10:52,4,2,217,2,1,1,0,15,0,2,1,1,113,104,0,0,0,0,1,0,B,0,0,0,0,0,0,0,0,0,0,0,0,0,0,13.512,12.899,2,123.0,W,CTL,D,1.0,0.0,1,0,1,0.009504979227293948,-1.144524618295133,1.1567752806395133
2023-wimbledon-1701,Carlos Alcaraz,Novak Djokovic,03:11:45,4,2,218,2,1,1,0,30,0,2,1,2,113,105,0,0,0,0,0,0,0,0,0,0,0,0,1,0,1,0,0,0,0,0,0,31.47,17.893,3,121.0,C,NCTL,ND,0.0,1.0,0,0,1,0.05874827630139072,-0.9759248726763964,1.266234656638662
2023-wimbledon-1701,Carlos Alcaraz,Novak Djokovic,03:12:16,4,2,219,2,1,1,0,30,15,2,2,1,114,105,0,0,0,0,1,0,F,0,0,0,0,0,0,0,0,0,0,0,0,0,0,11.387,10.959,4,90.0,B,NCTL,ND,1.0,0.0,1,0,0,-0.007054464754359558,-1.156538593877624,1.0762570264688507
2023-wimbledon-1701,Carlos Alcaraz,Novak Djokovic,03:13:16,4,2,220,2,1,1,0,40,15,2,2,2,114,106,0,0,0,0,0,0,0,0,0,0,0,0,0,0,0,1,0,0,0,1,0,30.656,18.453,5,105.0,W,CTL,ND,0.0,1.0,0,0,0,-0.004029104553477749,-1.0860727246137918,1.1849044443213594
2023-wimbledon-1701,Carlos Alcaraz,Novak Djokovic,03:14:05,4,2,221,2,1,1,0,40,30,2,1,2,114,107,0,0,0,0,0,0,0,0,0,0,0,0,0,0,0,1,0,0,0,1,0,43.231,20.94,5,117.0,C,NCTL,D,0.0,1.0,0,0,1,0.04650022656386715,-1.1337385080860667,1.0966255664264821
2023-wimbledon-1701,Carlos Alcaraz,Novak Djokovic,03:14:43,4,2,222,2,1,1,0,40,40,2,1,2,114,108,0,0,0,0,0,1,F,0,0,0,0,0,1,0,1,0,0,0,0,0,0,41.1,15.414,5,124.0,C,CTL,ND,0.0,1.0,0,0,1,-0.034967589579841696,-1.2166981458337183,1.035813188684708
2023-wimbledon-1701,Carlos Alcaraz,Novak Djokovic,03:15:18,4,2,223,2,1,1,0,40,AD,2,2,2,114,109,2,0,0,0,0,0,0,0,0,0,0,0,0,0,0,0,0,0,0,0,0,8.022,6.599,1,107.0,C,NCTL,ND,0.0,1.0,0,0,0,-0.010482993227585639,-1.247469503912175,1.0226155221034208
2023-wimbledon-1701,Carlos Alcaraz,Novak Djokovic,03:16:06,4,3,224,2,1,1,1,0,0,1,2,1,115,109,0,0,0,0,0,0,0,0,0,0,0,0,0,0,0,0,0,0,0,0,0,3.852,4.127,1,111.0,BC,NCTL,D,1.0,0.0,1,0,0,0.005515742243092936,-1.1934946870452743,1.093143175873199
2023-wimbledon-1701,Carlos Alcaraz,Novak Djokovic,03:16:43,4,3,225,2,1,1,1,15,0,1,2,2,115,110,0,0,0,0,0,0,0,1,0,1,0,0,0,0,0,0,0,0,0,0,0,5.689,5.561,0,,BW,CTL,ND,0.0,1.0,0,0,0,0.0034021483369124274,-1.164813981503763,1.2226460806811092
2023-wimbledon-1701,Carlos Alcaraz,Novak Djokovic,03:17:19,4,3,226,2,1,1,1,15,15,1,1,1,116,110,0,0,0,0,1,0,B,0,0,0,0,1,0,1,0,0,0,0,0,0,0,12.932,13.51,5,123.0,C,NCTL,ND,1.0,0.0,1,0,1,0.0040303535117389285,-1.0826903015766882,1.1280602114790363
2023-wimbledon-1701,Carlos Alcaraz,Novak Djokovic,03:17:52,4,3,227,2,1,1,1,30,15,1,1,1,117,110,0,0,1,0,1,0,0,0,0,0,0,0,0,0,0,0,0,0,0,0,0,1.086,1.156,1,118.0,C,CTL,,1.0,0.0,1,0,1,0.0005377252695693378,-0.9619967300141592,1.16853547614419
2023-wimbledon-1701,Carlos Alcaraz,Novak Djokovic,03:18:16,4,3,228,2,1,1,1,40,15,1,2,2,117,111,0,0,0,0,0,0,0,0,0,0,0,1,0,0,0,0,0,0,0,0,0,36.918,22.42,6,116.0,C,NCTL,D,0.0,1.0,0,0,0,-0.010321368083496318,-1.1676724507410263,1.0238392781081143
2023-wimbledon-1701,Carlos Alcaraz,Novak Djokovic,03:19:10,4,3,229,2,1,1,1,40,30,1,2,2,117,112,0,0,0,0,0,0,0,0,0,0,0,0,0,0,0,0,0,0,0,0,0,15.274,14.373,4,98.0,W,CTL,D,0.0,1.0,0,0,0,0.020240809416937115,-1.1073766670346168,1.091734740941707
2023-wimbledon-1701,Carlos Alcaraz,Novak Djokovic,03:19:56,4,3,230,2,1,1,1,40,40,1,1,1,118,112,0,0,0,0,1,0,B,0,0,0,0,1,0,1,0,0,0,0,0,0,0,16.661,15.453,5,130.0,BC,CTL,ND,1.0,0.0,1,0,1,0.013666119856576215,-1.1715302733106667,1.0304109288579486
2023-wimbledon-1701,Carlos Alcaraz,Novak Djokovic,03:20:31,4,3,231,2,1,1,1,AD,40,1,2,2,118,113,0,0,0,0,0,0,0,1,0,1,0,0,0,0,0,0,0,0,0,0,0,2.932,2.271,0,,BC,NCTL,,0.0,1.0,0,0,0,-0.006145687805567374,-1.0980694695590005,1.094676418523677
2023-wimbledon-1701,Carlos Alcaraz,Novak Djokovic,03:21:09,4,3,232,2,1,1,1,40,40,1,1,1,119,113,0,0,1,0,1,0,0,0,0,0,0,0,0,0,0,0,0,0,0,0,0,1.02,0.992,1,114.0,W,CTL,,1.0,0.0,1,0,1,0.0227153608458654,-1.0809130891903187,1.1751693781588806
2023-wimbledon-1701,Carlos Alcaraz,Novak Djokovic,03:21:39,4,3,233,2,1,1,1,AD,40,1,2,2,119,114,0,0,0,0,0,1,F,0,0,0,0,0,0,0,0,0,0,0,0,0,0,20.326,21.163,6,89.0,BW,NCTL,ND,0.0,1.0,0,0,0,-0.021522366156580975,-1.1412409074865713,1.1366880720535277
2023-wimbledon-1701,Carlos Alcaraz,Novak Djokovic,03:22:27,4,3,234,2,1,1,1,40,40,1,2,1,120,114,0,0,0,0,1,0,F,0,0,0,0,1,0,1,0,0,0,0,0,0,0,48.671,52.041,15,102.0,BW,NCTL,D,1.0,0.0,1,0,0,-0.037666333090825524,-1.184345294615044,1.0671649901844218
2023-wimbledon-1701,Carlos Alcaraz,Novak Djokovic,03:23:33,4,3,235,2,1,1,1,AD,40,1,1,1,121,114,1,0,0,0,0,0,0,0,0,0,1,0,0,0,0,0,0,0,0,0,0,16.84,13.018,3,114.0,BW,CTL,D,1.0,0.0,1,0,1,0.026606665591786604,-1.1235393077265017,1.1110483937386737
2023-wimbledon-1701,Carlos Alcaraz,Novak Djokovic,03:25:30,4,4,236,2,1,2,1,0,0,2,1,2,121,115,0,0,0,0,0,1,F,0,0,0,0,0,1,0,1,0,0,0,0,0,0,41.564,37.508,11,113.0,BW,NCTL,ND,0.0,1.0,0,0,1,-0.006693012812660706,-1.07816529540778,1.1431625207578517
2023-wimbledon-1701,Carlos Alcaraz,Novak Djokovic,03:26:14,4,4,237,2,1,2,1,0,15,2,1,2,121,116,0,0,0,0,0,0,0,0,0,0,0,0,0,0,0,0,0,0,0,0,0,10.943,9.634,1,112.0,C,CTL,D,0.0,1.0,0,0,1,-0.00840796574977507,-1.1959942574629214,1.2021292081147594
2023-wimbledon-1701,Carlos Alcaraz,Novak Djokovic,03:26:55,4,4,238,2,1,2,1,0,30,2,2,1,122,116,0,0,0,0,1,0,F,0,0,0,0,0,1,0,0,0,0,0,0,0,0,35.75,34.032,10,95.0,B,NCTL,ND,1.0,0.0,1,0,0,-0.013185494288854696,-1.1704284810572174,1.0993605884892197
2023-wimbledon-1701,Carlos Alcaraz,Novak Djokovic,03:27:55,4,4,239,2,1,2,1,15,30,2,1,1,123,116,0,0,0,0,0,0,0,0,0,0,0,0,0,0,0,0,0,0,0,0,0,43.248,19.176,6,120.0,B,NCTL,ND,1.0,0.0,1,0,1,-0.005144804372974634,-1.1132413588700323,1.1674700052674445
2023-wimbledon-1701,Carlos Alcaraz,Novak Djokovic,03:28:35,4,4,240,2,1,2,1,30,30,2,2,2,123,117,0,0,0,0,0,0,0,0,0,0,0,0,1,0,1,0,0,0,0,0,0,10.007,6.415,3,94.0,B,NCTL,D,0.0,1.0,0,0,0,-0.033059778943280306,-1.0670040748035257,1.1162440723708076
2023-wimbledon-1701,Carlos Alcaraz,Novak Djokovic,03:29:38,4,4,241,2,1,2,1,30,40,2,1,1,124,117,0,0,0,0,1,0,F,0,0,0,0,0,1,0,0,0,0,0,0,0,0,33.438,20.132,6,121.0,B,CTL,D,1.0,0.0,1,0,1,-0.01679488896734297,-1.090986414860565,1.116456011902945
2023-wimbledon-1701,Carlos Alcaraz,Novak Djokovic,03:30:20,4,4,242,2,1,2,1,40,40,2,2,2,124,118,0,0,0,0,0,0,0,0,0,0,0,0,1,0,1,0,0,0,0,0,0,25.741,27.255,5,90.0,W,NCTL,ND,0.0,1.0,0,0,0,0.04538566674449965,-0.9535880876717799,1.167489388667359
2023-wimbledon-1701,Carlos Alcaraz,Novak Djokovic,03:31:20,4,4,243,2,1,2,1,40,AD,2,1,2,124,119,2,0,0,0,0,1,F,0,0,0,0,0,0,0,0,0,0,0,0,0,0,36.659,32.905,9,117.0,BW,NCTL,ND,0.0,1.0,0,0,1,-0.020021177099896183,-1.231903204665848,1.029161407813694
2023-wimbledon-1701,Carlos Alcaraz,Novak Djokovic,03:32:08,4,5,244,2,1,2,2,0,0,1,2,1,125,119,0,0,0,0,0,0,0,0,0,0,0,1,0,1,0,0,0,0,0,0,0,27.334,29.792,5,100.0,B,NCTL,ND,1.0,0.0,1,0,0,-0.009527521632386465,-1.101220851947726,1.0845041734769973
2023-wimbledon-1701,Carlos Alcaraz,Novak Djokovic,03:32:56,4,5,245,2,1,2,2,15,0,1,2,2,125,120,0,0,0,0,0,1,B,0,0,0,0,0,1,0,1,0,0,0,0,0,0,25.959,24.598,6,94.0,BW,NCTL,D,0.0,1.0,0,0,0,-0.00038476540949675326,-1.161567882835268,1.125206736755
2023-wimbledon-1701,Carlos Alcaraz,Novak Djokovic,03:33:46,4,5,246,2,1,2,2,15,15,1,1,1,126,120,0,0,0,0,0,0,0,0,0,0,1,0,0,0,0,0,0,0,0,0,0,11.339,12.646,3,122.0,B,CTL,D,1.0,0.0,1,0,1,-0.013381964411859383,-1.0503366078568062,1.0751085205929107
2023-wimbledon-1701,Carlos Alcaraz,Novak Djokovic,03:34:15,4,5,247,2,1,2,2,30,15,1,1,2,126,121,0,0,0,0,0,0,0,0,0,1,0,1,0,0,0,0,0,0,0,0,0,9.536,6.996,2,119.0,B,NCTL,,0.0,1.0,0,0,1,-0.004225337380353023,-1.062230983184123,1.1641116182126994
2023-wimbledon-1701,Carlos Alcaraz,Novak Djokovic,03:34:49,4,5,248,2,1,2,2,30,30,1,1,2,126,122,0,0,0,0,0,0,0,0,0,0,0,0,0,0,0,0,0,0,0,0,0,20.723,34.85,6,114.0,BC,NCTL,D,0.0,1.0,0,0,1,0.007113193386245786,-1.0657138821049603,1.1238682664892938
2023-wimbledon-1701,Carlos Alcaraz,Novak Djokovic,03:35:30,4,5,249,2,1,2,2,30,40,1,2,1,127,122,0,0,0,0,0,0,0,0,0,0,1,0,0,0,0,0,1,0,0,0,1,19.694,15.593,3,100.0,BW,NCTL,ND,1.0,0.0,1,0,0,0.0143865776180239,-1.0415306772431205,1.1499229632620054
2023-wimbledon-1701,Carlos Alcaraz,Novak Djokovic,03:36:20,4,5,250,2,1,2,2,40,40,1,2,2,127,123,0,0,0,0,0,0,0,0,0,0,0,0,0,0,0,0,0,0,0,0,0,5.034,6.864,2,111.0,W,CTL,,0.0,1.0,0,0,0,-0.003728150910640106,-1.1549840829100657,1.1399316861746873
2023-wimbledon-1701,Carlos Alcaraz,Novak Djokovic,03:37:46,4,5,251,2,1,2,2,40,AD,1,1,1,128,123,0,0,0,0,1,0,F,0,0,0,0,1,0,1,0,0,1,0,0,0,1,10.476,22.59,3,126.0,B,NCTL,ND,1.0,0.0,1,0,1,0.006824264729182794,-1.0930378771395959,1.094237312507452
2023-wimbledon-1701,Carlos Alcaraz,Novak Djokovic,03:38:20,4,5,252,2,1,2,2,40,40,1,1,2,128,124,0,0,0,0,0,0,0,0,0,0,0,0,0,0,0,0,0,0,0,0,0,13.966,19.392,4,130.0,C,NCTL,ND,0.0,1.0,0,0,1,0.0038656844508942402,-1.0555427496531031,1.188650253221187
2023-wimbledon-1701,Carlos Alcaraz,Novak Djokovic,03:39:00,4,5,253,2,1,2,2,40,AD,1,1,2,128,125,2,0,0,0,0,0,0,0,0,1,0,1,0,0,0,0,1,0,1,0,0,30.007,36.614,8,122.0,BC,NCTL,ND,0.0,1.0,0,0,1,-0.01147956158097322,-1.2051343821844012,1.0467512341698677
2023-wimbledon-1701,Carlos Alcaraz,Novak Djokovic,03:41:07,4,6,254,2,1,2,3,0,0,2,1,2,128,126,0,0,0,0,0,0,0,0,0,1,0,0,0,0,0,0,0,0,0,0,0,24.151,9.023,3,113.0,W,NCTL,D,0.0,1.0,0,0,1,-0.025869564554697102,-1.0380744319622597,1.1403564501044812
2023-wimbledon-1701,Carlos Alcaraz,Novak Djokovic,03:41:33,4,6,255,2,1,2,3,0,15,2,1,1,129,126,0,0,0,0,1,0,F,0,0,0,0,0,0,0,0,0,0,0,0,0,0,29.751,22.614,8,123.0,BW,NCTL,ND,1.0,0.0,1,0,1,-0.02765223397179949,-1.1864877929957445,1.0643092414671647
2023-wimbledon-1701,Carlos Alcaraz,Novak Djokovic,03:42:14,4,6,256,2,1,2,3,15,15,2,1,2,129,127,0,0,0,0,0,1,F,0,0,0,0,0,1,0,1,0,0,0,0,0,0,23.423,9.914,3,113.0,W,CTL,ND,0.0,1.0,0,0,1,-0.003651112005763192,-1.099843167028658,1.0485034819959236
2023-wimbledon-1701,Carlos Alcaraz,Novak Djokovic,03:42:43,4,6,257,2,1,2,3,15,30,2,2,2,129,128,0,0,0,0,0,0,0,0,0,0,0,0,1,0,1,0,0,0,0,0,0,45.735,48.065,11,100.0,B,NCTL,D,0.0,1.0,0,0,0,0.0186800270451902,-1.157841144318766,1.1527969193560466
2023-wimbledon-1701,Carlos Alcaraz,Novak Djokovic,03:43:42,4,6,258,2,1,2,3,15,40,2,2,1,130,128,0,0,0,0,1,0,F,0,0,0,0,0,0,0,0,0,0,0,0,0,0,18.502,21.113,6,109.0,BC,NCTL,D,1.0,0.0,1,0,0,-0.028054640524021766,-1.2056432645514792,0.9753258052222705
2023-wimbledon-1701,Carlos Alcaraz,Novak Djokovic,03:44:35,4,6,259,2,1,2,3,30,40,2,1,2,130,129,2,0,0,0,0,0,0,0,0,0,0,0,0,0,0,0,0,0,0,0,0,13.279,5.487,1,115.0,C,NCTL,ND,0.0,1.0,0,0,1,-0.02587041583208544,-1.0774282622632605,1.1271670398462055
2023-wimbledon-1701,Carlos Alcaraz,Novak Djokovic,03:45:09,4,7,260,2,1,2,4,0,0,1,1,1,131,129,0,0,0,0,1,0,B,0,0,0,0,0,0,0,0,0,0,0,0,0,0,9.736,20.942,3,125.0,BC,NCTL,ND,1.0,0.0,1,0,1,-0.018239905795877604,-1.1478969653968254,0.9928739140586129
2023-wimbledon-1701,Carlos Alcaraz,Novak Djokovic,03:45:38,4,7,261,2,1,2,4,15,0,1,2,2,131,130,0,0,0,0,0,1,F,0,0,0,0,0,1,0,1,0,0,0,0,0,0,17.325,18.119,6,95.0,B,NCTL,D,0.0,1.0,0,0,0,-0.021893448893066877,-1.2741395602338175,1.0687265431256316
2023-wimbledon-1701,Carlos Alcaraz,Novak Djokovic,03:46:36,4,7,262,2,1,2,4,15,15,1,1,1,132,130,0,0,0,0,0,0,0,0,0,0,0,0,0,0,0,0,0,0,0,0,0,3.468,4.129,1,116.0,BW,NCTL,ND,1.0,0.0,1,0,1,0.040261713663350955,-1.161366806402026,1.1933885335530547
2023-wimbledon-1701,Carlos Alcaraz,Novak Djokovic,03:47:00,4,7,263,2,1,2,4,30,15,1,2,1,133,130,0,0,0,0,0,0,0,0,0,0,1,0,0,0,0,0,0,0,0,0,0,21.731,25.33,7,121.0,BC,CTL,ND,1.0,0.0,1,0,0,0.007449504106680029,-1.2508806760353344,1.1486623819770738
2023-wimbledon-1701,Carlos Alcaraz,Novak Djokovic,03:47:46,4,7,264,2,1,2,4,40,15,1,1,1,134,130,1,0,1,0,1,0,0,0,0,0,0,0,0,0,0,0,0,0,0,0,0,0.815,0.841,1,109.0,W,CTL,,1.0,0.0,1,0,1,0.010350714338576454,-1.0229114427590866,1.0749693703994767
2023-wimbledon-1701,Carlos Alcaraz,Novak Djokovic,03:49:35,4,8,265,2,1,3,4,0,0,2,1,2,134,131,0,0,0,0,0,0,0,0,0,0,0,0,1,0,1,0,0,0,0,0,0,14.467,11.85,3,122.0,C,NCTL,ND,0.0,1.0,0,0,1,-0.007293999573051622,-1.0458343170156896,1.0713072273878699
2023-wimbledon-1701,Carlos Alcaraz,Novak Djokovic,03:50:02,4,8,266,2,1,3,4,0,15,2,2,2,134,132,0,0,0,0,0,0,0,0,0,0,0,0,0,0,0,0,0,0,0,0,0,45.02,36.415,9,89.0,BW,NCTL,D,0.0,1.0,0,0,0,-0.019983697879027883,-1.008023086587868,1.1242152472072402
2023-wimbledon-1701,Carlos Alcaraz,Novak Djokovic,03:50:56,4,8,267,2,1,3,4,0,30,2,1,2,134,133,0,0,0,0,0,1,F,0,0,0,0,0,1,0,1,0,0,0,0,0,0,15.256,9.227,3,108.0,W,CTL,ND,0.0,1.0,0,0,1,-0.01524556112431119,-1.2617018779461036,0.9647825840845995
2023-wimbledon-1701,Carlos Alcaraz,Novak Djokovic,03:51:26,4,8,268,2,1,3,4,0,40,2,1,2,134,134,2,0,0,0,0,0,0,0,0,0,0,0,0,0,0,0,0,0,0,0,0,8.461,4.064,1,120.0,BW,CTL,ND,0.0,1.0,0,0,1,-0.0393322669780243,-1.096769098860064,1.2031792260232375
2023-wimbledon-1701,Carlos Alcaraz,Novak Djokovic,03:52:02,4,9,269,2,1,3,5,0,0,1,1,2,134,135,0,0,0,0,0,1,B,0,0,0,0,0,0,0,0,0,0,0,0,0,0,18.748,35.124,4,123.0,W,CTL,,0.0,1.0,0,0,1,0.012312380154627609,-1.109985344877427,1.1381920988717802
2023-wimbledon-1701,Carlos Alcaraz,Novak Djokovic,03:52:30,4,9,270,2,1,3,5,0,15,1,2,2,134,136,0,0,0,0,0,0,0,1,0,1,0,0,0,0,0,0,0,0,0,0,0,1.02,0.962,0,,W,CTL,,0.0,1.0,0,0,0,0.0881506534056002,-0.9666871704337173,1.286146856650171
2023-wimbledon-1701,Carlos Alcaraz,Novak Djokovic,03:53:13,4,9,271,2,1,3,5,0,30,1,2,2,134,137,0,0,0,0,0,0,0,0,0,0,0,0,0,0,0,0,0,0,0,0,0,8.514,13.07,2,104.0,B,NCTL,ND,0.0,1.0,0,0,0,-0.02115249400674879,-1.1514729796382084,1.1279012873720642
2023-wimbledon-1701,Carlos Alcaraz,Novak Djokovic,03:53:55,4,9,272,2,1,3,5,0,40,1,1,1,135,137,0,0,0,0,0,0,0,0,0,0,0,0,0,0,0,0,1,0,0,0,1,5.583,7.012,1,128.0,C,NCTL,ND,1.0,0.0,1,0,1,-0.05603285043898208,-1.1297063244451246,1.1356092007069547
2023-wimbledon-1701,Carlos Alcaraz,Novak Djokovic,03:54:19,4,9,273,2,1,3,5,15,40,1,2,2,135,138,2,2,0,0,0,0,0,1,0,1,0,0,0,0,0,0,1,0,1,0,0,3.777,4.493,0,,C,CTL,,0.0,1.0,0,0,0,0.014427724618449904,-1.205659158700846,1.100064925561671
2023-wimbledon-1701,Carlos Alcaraz,Novak Djokovic,03:57:11,5,1,274,2,2,0,0,0,0,2,2,2,135,139,0,0,0,0,0,0,0,0,0,0,0,1,0,0,0,0,0,0,0,0,0,24.728,15.65,5,97.0,W,CTL,D,0.0,1.0,0,0,0,0.031841056177635545,-1.1343445008397004,1.2049131969476592
2023-wimbledon-1701,Carlos Alcaraz,Novak Djokovic,03:57:58,5,1,275,2,2,0,0,0,15,2,2,2,135,140,0,0,0,0,0,0,0,0,0,1,0,0,0,0,0,0,0,0,0,0,0,28.056,22.534,7,95.0,B,NCTL,ND,0.0,1.0,0,0,0,-0.01804648170036345,-1.2377247265261677,1.0648120405050359
2023-wimbledon-1701,Carlos Alcaraz,Novak Djokovic,03:59:07,5,1,276,2,2,0,0,0,30,2,2,1,136,140,0,0,0,0,1,0,F,0,0,0,0,0,0,0,0,0,0,0,0,0,0,7.73,4.64,2,109.0,BW,NCTL,ND,1.0,0.0,1,0,0,0.0303359987463474,-1.0230764561981074,1.179822381463822
2023-wimbledon-1701,Carlos Alcaraz,Novak Djokovic,03:59:51,5,1,277,2,2,0,0,15,30,2,2,1,137,140,0,0,0,0,1,0,F,0,0,0,0,1,0,1,0,0,0,0,0,0,0,18.626,17.664,6,92.0,B,NCTL,ND,1.0,0.0,1,0,0,-0.026727533498806834,-1.1628062900170963,1.1148176143498787
2023-wimbledon-1701,Carlos Alcaraz,Novak Djokovic,04:00:47,5,1,278,2,2,0,0,30,30,2,1,1,138,140,0,0,0,0,1,0,B,0,0,0,0,0,1,0,0,0,0,0,0,0,0,12.669,12.304,4,123.0,C,NCTL,ND,1.0,0.0,1,0,1,0.01840140094675942,-1.1677050311715214,1.1289012031316539
2023-wimbledon-1701,Carlos Alcaraz,Novak Djokovic,04:01:49,5,1,279,2,2,0,0,40,30,2,1,2,138,141,0,0,0,0,0,0,0,0,0,0,0,0,0,0,0,1,0,0,0,1,0,8.589,6.655,1,117.0,C,NCTL,ND,0.0,1.0,0,0,1,0.0013559156096076322,-1.0836097282419317,1.1900943902166001
2023-wimbledon-1701,Carlos Alcaraz,Novak Djokovic,04:02:19,5,1,280,2,2,0,0,40,40,2,1,2,138,142,0,0,0,0,0,0,0,0,0,0,0,0,0,0,0,0,0,0,0,0,0,7.427,4.598,1,124.0,C,CTL,ND,0.0,1.0,0,0,1,0.03882063070366398,-1.0496197872495492,1.1044945468772005
2023-wimbledon-1701,Carlos Alcaraz,Novak Djokovic,04:02:47,5,1,281,2,2,0,0,40,AD,2,2,1,139,142,0,0,0,0,1,0,F,0,0,0,0,0,1,0,0,0,0,0,0,0,0,57.056,52.126,14,114.0,BC,NCTL,D,1.0,0.0,1,0,0,0.006004483979879663,-1.1206218702280595,1.1068443672778394
2023-wimbledon-1701,Carlos Alcaraz,Novak Djokovic,04:04:02,5,1,282,2,2,0,0,40,40,2,1,2,139,143,0,0,0,0,0,0,0,0,0,0,0,0,0,0,0,0,0,0,0,0,0,2.138,1.318,1,126.0,C,NCTL,,0.0,1.0,0,0,1,0.006003215178521244,-1.2381763319893875,0.9682639351466686
2023-wimbledon-1701,Carlos Alcaraz,Novak Djokovic,04:04:31,5,1,283,2,2,0,0,40,AD,2,2,2,139,144,2,0,0,0,0,0,0,0,0,1,0,1,0,0,0,0,0,0,0,0,0,15.773,11.383,3,93.0,B,NCTL,ND,0.0,1.0,0,0,0,-0.008937639195686803,-1.1316748145963298,1.1192938432021662
2023-wimbledon-1701,Carlos Alcaraz,Novak Djokovic,04:05:45,5,2,284,2,2,0,1,0,0,1,1,2,139,145,0,0,0,0,0,0,0,0,0,0,0,0,0,0,0,0,0,0,0,0,0,46.491,49.787,8,120.0,B,NCTL,ND,0.0,1.0,0,0,1,0.02442163633764197,-1.1510034439471772,1.0681001310700042
2023-wimbledon-1701,Carlos Alcaraz,Novak Djokovic,04:06:36,5,2,285,2,2,0,1,0,15,1,1,1,140,145,0,0,0,0,1,0,F,0,0,0,0,0,0,0,0,0,0,0,0,0,0,19.304,43.241,5,115.0,BW,NCTL,ND,1.0,0.0,1,0,1,-0.03745409190246465,-1.150931756467328,1.1777343464019332
2023-wimbledon-1701,Carlos Alcaraz,Novak Djokovic,04:07:12,5,2,286,2,2,0,1,15,15,1,2,2,140,146,0,0,0,0,0,0,0,0,0,1,0,0,0,0,0,0,0,0,0,0,0,6.127,8.362,2,95.0,BW,NCTL,ND,0.0,1.0,0,0,0,0.023781716613043725,-1.1630359660925305,1.1553841385939037
2023-wimbledon-1701,Carlos Alcaraz,Novak Djokovic,04:07:59,5,2,287,2,2,0,1,15,30,1,1,1,141,146,0,0,0,0,0,0,0,0,0,0,0,0,0,0,0,0,0,0,0,0,0,11.511,19.837,3,118.0,C,CTL,,1.0,0.0,1,0,1,0.011483599907253167,-1.0860811547022027,1.1567924914396124
2023-wimbledon-1701,Carlos Alcaraz,Novak Djokovic,04:08:33,5,2,288,2,2,0,1,30,30,1,2,2,141,147,0,0,0,0,0,0,0,0,0,0,0,0,0,0,0,0,0,0,0,0,0,16.367,14.441,4,93.0,C,NCTL,D,0.0,1.0,0,0,0,0.009176891894386174,-1.0339767394866306,1.0197486169859469
2023-wimbledon-1701,Carlos Alcaraz,Novak Djokovic,04:09:19,5,2,289,2,2,0,1,30,40,1,1,1,142,147,0,0,0,0,0,0,0,0,0,0,0,0,0,0,0,0,1,0,0,0,1,70.542,65.59,17,122.0,BW,NCTL,ND,1.0,0.0,1,0,1,0.00922327632374933,-1.1356717097394036,1.0934786055673975
2023-wimbledon-1701,Carlos Alcaraz,Novak Djokovic,04:10:25,5,2,290,2,2,0,1,40,40,1,2,1,143,147,0,0,0,0,1,0,F,0,0,0,0,0,0,0,0,0,0,0,0,0,0,9.154,10.895,3,101.0,B,NCTL,ND,1.0,0.0,1,0,0,0.03698359015990537,-0.9842912612704816,1.2616021885332918
2023-wimbledon-1701,Carlos Alcaraz,Novak Djokovic,04:11:15,5,2,291,2,2,0,1,AD,40,1,2,1,144,147,1,0,0,0,1,0,F,0,0,0,0,0,0,0,0,0,0,0,0,0,0,24.903,26.24,7,87.0,B,NCTL,ND,1.0,0.0,1,0,0,0.029961827002666582,-1.103272110929577,1.071727035864511
2023-wimbledon-1701,Carlos Alcaraz,Novak Djokovic,04:12:24,5,3,292,2,2,1,1,0,0,2,1,1,145,147,0,0,0,0,1,0,B,0,0,0,0,0,0,0,0,0,0,0,0,0,0,30.085,27.675,8,117.0,W,CTL,D,1.0,0.0,1,0,1,0.04466743601982373,-1.1933490278200918,1.0764912548166146
2023-wimbledon-1701,Carlos Alcaraz,Novak Djokovic,04:13:06,5,3,293,2,2,1,1,15,0,2,1,2,145,148,0,0,0,0,0,0,0,0,0,0,0,0,0,0,0,0,0,0,0,0,0,14.747,10.949,3,118.0,C,NCTL,ND,0.0,1.0,0,0,1,-0.025646167205961013,-1.3019297023687288,1.052011297203229
2023-wimbledon-1701,Carlos Alcaraz,Novak Djokovic,04:13:38,5,3,294,2,2,1,1,15,15,2,2,1,146,148,0,0,0,0,1,0,F,0,0,0,0,1,0,1,0,0,0,0,0,0,0,26.608,21.128,8,88.0,C,NCTL,ND,1.0,0.0,1,0,0,0.02232900230987619,-1.008115310079287,1.1021468760858601
2023-wimbledon-1701,Carlos Alcaraz,Novak Djokovic,04:14:55,5,3,295,2,2,1,1,30,15,2,1,2,146,149,0,0,0,0,0,0,0,0,0,0,0,0,0,0,0,0,0,0,0,0,0,17.807,9.745,3,125.0,W,CTL,ND,0.0,1.0,0,0,1,-0.02406659636718148,-1.1081945365051493,1.156067302546952
2023-wimbledon-1701,Carlos Alcaraz,Novak Djokovic,04:15:28,5,3,296,2,2,1,1,30,30,2,1,1,147,149,0,0,0,0,0,0,0,0,0,0,1,0,0,0,0,0,0,0,0,0,0,8.418,5.321,2,123.0,BC,NCTL,ND,1.0,0.0,1,0,1,-0.005618818829680555,-1.0726145231004671,1.2467451447575288
2023-wimbledon-1701,Carlos Alcaraz,Novak Djokovic,04:16:05,5,3,297,2,2,1,1,40,30,2,1,1,148,149,1,0,0,0,1,0,B,0,0,0,0,0,1,0,0,1,0,1,0,0,0,59.324,45.194,14,121.0,C,NCTL,D,1.0,0.0,1,0,1,0.03863464857010312,-1.107806631629779,1.1575640472762292
2023-wimbledon-1701,Carlos Alcaraz,Novak Djokovic,04:18:08,5,4,298,2,2,2,1,0,0,1,1,1,149,149,0,0,0,0,0,0,0,0,0,0,0,0,0,0,0,0,0,0,0,0,0,4.242,5.111,1,110.0,BW,NCTL,ND,1.0,0.0,1,0,1,0.0017734293745563859,-1.124576140922507,1.0386980894015905
2023-wimbledon-1701,Carlos Alcaraz,Novak Djokovic,04:18:35,5,4,299,2,2,2,1,15,0,1,1,1,150,149,0,0,0,0,0,0,0,0,0,0,0,0,0,0,0,0,0,0,0,0,0,4.133,5.952,1,119.0,C,NCTL,ND,1.0,0.0,1,0,1,0.059358247970335454,-1.1652243775416746,1.165487920327062
2023-wimbledon-1701,Carlos Alcaraz,Novak Djokovic,04:19:02,5,4,300,2,2,2,1,30,0,1,1,1,151,149,0,0,0,0,0,0,0,0,0,0,0,0,0,0,0,0,0,0,0,0,0,7.917,10.188,1,114.0,W,NCTL,D,1.0,0.0,1,0,1,0.006776903555782964,-1.0972756651293085,1.0179575621587627
2023-wimbledon-1701,Carlos Alcaraz,Novak Djokovic,04:19:28,5,4,301,2,2,2,1,40,0,1,1,1,152,149,1,0,1,0,1,0,0,0,0,0,0,0,0,0,0,0,0,0,0,0,0,0.851,0.676,1,123.0,C,CTL,,1.0,0.0,1,0,1,0.02110135244641094,-1.1576390567995318,0.9841287905800903
2023-wimbledon-1701,Carlos Alcaraz,Novak Djokovic,04:20:10,5,5,302,2,2,3,1,0,0,2,2,2,152,150,0,0,0,0,0,0,0,0,0,0,0,0,0,0,0,0,0,0,0,0,0,3.344,3.502,1,107.0,B,NCTL,D,0.0,1.0,0,0,0,0.0024950769533238814,-1.0217517872578434,1.138973644791686
2023-wimbledon-1701,Carlos Alcaraz,Novak Djokovic,04:20:49,5,5,303,2,2,3,1,0,15,2,1,2,152,151,0,0,0,0,0,0,0,0,0,0,0,0,0,0,0,0,0,0,0,0,0,8.14,5.047,1,121.0,W,CTL,D,0.0,1.0,0,0,1,0.041205308137712005,-1.1188119306820394,1.115586448629754
2023-wimbledon-1701,Carlos Alcaraz,Novak Djokovic,04:21:13,5,5,304,2,2,3,1,0,30,2,1,2,152,152,0,0,0,0,0,0,0,0,0,0,0,0,0,0,0,0,0,0,0,0,0,10.781,2.412,1,124.0,C,NCTL,,0.0,1.0,0,0,1,-0.0070377485424654405,-1.0510375197785127,1.1623965935749248
2023-wimbledon-1701,Carlos Alcaraz,Novak Djokovic,04:21:35,5,5,305,2,2,3,1,0,40,2,2,1,153,152,0,0,0,0,0,0,0,0,0,0,1,0,0,0,0,0,0,0,0,0,0,10.657,8.966,2,100.0,B,NCTL,D,1.0,0.0,1,0,0,-0.005769145749474317,-1.2605218337748167,1.0100548830441927
2023-wimbledon-1701,Carlos Alcaraz,Novak Djokovic,04:22:15,5,5,306,2,2,3,1,15,40,2,1,2,153,153,2,0,0,0,0,0,0,0,0,0,0,0,0,0,0,0,0,0,0,0,0,20.456,10.654,3,123.0,C,CTL,ND,0.0,1.0,0,0,1,0.024870087079746885,-1.0399760285869775,1.0768651898931914
2023-wimbledon-1701,Carlos Alcaraz,Novak Djokovic,04:23:53,5,6,307,2,2,3,2,0,0,1,2,2,153,154,0,0,0,0,0,0,0,0,0,0,0,0,1,0,1,0,0,0,0,0,0,20.512,19.453,4,99.0,BC,NCTL,ND,0.0,1.0,0,0,0,-0.029346359739663194,-1.2274390417771246,1.015713154504638
2023-wimbledon-1701,Carlos Alcaraz,Novak Djokovic,04:24:40,5,6,308,2,2,3,2,0,15,1,2,1,154,154,0,0,0,0,0,0,0,0,0,0,0,1,0,1,0,0,0,0,0,0,0,10.757,12.306,3,121.0,BC,NCTL,ND,1.0,0.0,1,0,0,0.017565480610518137,-1.257943390163161,1.0915333597556447
2023-wimbledon-1701,Carlos Alcaraz,Novak Djokovic,04:25:26,5,6,309,2,2,3,2,15,15,1,1,2,154,155,0,0,0,0,0,0,0,0,0,0,0,0,0,0,0,0,0,0,0,0,0,13.286,22.353,2,119.0,BW,NCTL,ND,0.0,1.0,0,0,1,0.028050683069231974,-1.0947152491234924,1.1348033300876577
2023-wimbledon-1701,Carlos Alcaraz,Novak Djokovic,04:25:55,5,6,310,2,2,3,2,15,30,1,2,1,155,155,0,0,0,0,0,0,0,0,0,0,0,0,0,0,0,0,0,0,0,0,0,4.419,6.353,1,100.0,B,NCTL,D,1.0,0.0,1,0,0,0.0075714679996691965,-0.9787101282334185,1.17347449974239
2023-wimbledon-1701,Carlos Alcaraz,Novak Djokovic,04:26:37,5,6,311,2,2,3,2,30,30,1,1,1,156,155,0,0,0,0,0,0,0,0,0,0,1,0,0,0,0,0,0,0,0,0,0,14.776,13.091,3,128.0,BC,NCTL,D,1.0,0.0,1,0,1,0.015910893882585746,-1.1377852773395367,1.1323396546667293
2023-wimbledon-1701,Carlos Alcaraz,Novak Djokovic,04:27:09,5,6,312,2,2,3,2,40,30,1,1,1,157,155,1,0,1,0,1,0,0,0,0,0,0,0,0,0,0,0,0,0,0,0,0,0.766,0.767,1,123.0,W,CTL,,1.0,0.0,1,0,1,-0.00984382817984929,-1.143619676344625,1.0193453562591082
2023-wimbledon-1701,Carlos Alcaraz,Novak Djokovic,04:27:39,5,7,313,2,2,4,2,0,0,2,1,2,157,156,0,0,0,0,0,0,0,0,0,0,0,0,0,0,0,0,0,0,0,0,0,5.634,2.917,1,123.0,C,CTL,ND,0.0,1.0,0,0,1,0.0075702007101640136,-1.2034185119898118,1.0604646533101834
2023-wimbledon-1701,Carlos Alcaraz,Novak Djokovic,04:27:54,5,7,314,2,2,4,2,0,15,2,1,1,158,156,0,0,0,0,1,0,F,0,0,0,0,0,0,0,0,0,0,0,0,0,0,8.655,9.243,4,118.0,C,NCTL,D,1.0,0.0,1,0,1,0.03538276384477712,-1.1952632923765187,1.0449830796136104
2023-wimbledon-1701,Carlos Alcaraz,Novak Djokovic,04:28:40,5,7,315,2,2,4,2,15,15,2,1,2,158,157,0,0,0,0,0,0,0,0,0,0,0,0,1,0,1,0,0,0,0,0,0,48.552,35.878,9,109.0,BW,NCTL,D,0.0,1.0,0,0,1,0.0146382855736742,-1.1178327613160082,1.1776631829518758
2023-wimbledon-1701,Carlos Alcaraz,Novak Djokovic,04:29:22,5,7,316,2,2,4,2,15,30,2,1,1,159,157,0,0,0,0,1,0,F,0,0,0,0,0,1,0,0,0,0,0,0,0,0,14.99,9.497,4,115.0,C,CTL,ND,1.0,0.0,1,0,1,-0.0008431716707166252,-1.1132689608431077,1.0996485669043226
2023-wimbledon-1701,Carlos Alcaraz,Novak Djokovic,04:29:59,5,7,317,2,2,4,2,30,30,2,2,2,159,158,0,0,0,0,0,1,B,0,0,0,0,0,0,0,0,0,0,0,0,0,0,14.929,7.187,3,105.0,W,NCTL,ND,0.0,1.0,0,0,0,0.008862223853374864,-1.0048299242097833,1.1483978073117125
2023-wimbledon-1701,Carlos Alcaraz,Novak Djokovic,04:30:59,5,7,318,2,2,4,2,30,40,2,1,2,159,159,2,0,0,0,0,0,0,0,0,0,0,0,0,0,0,0,0,0,0,0,0,15.338,13.049,3,124.0,BW,CTL,ND,0.0,1.0,0,0,1,-0.014869312457007029,-1.320497104479627,0.9765081058433334
2023-wimbledon-1701,Carlos Alcaraz,Novak Djokovic,04:32:45,5,8,319,2,2,4,3,0,0,1,1,2,159,160,0,0,0,0,0,0,0,0,0,1,0,0,0,0,0,0,0,0,0,0,0,15.451,51.222,4,112.0,W,CTL,D,0.0,1.0,0,0,1,0.004221499000664352,-1.0332202962292367,1.1410165830836754
2023-wimbledon-1701,Carlos Alcaraz,Novak Djokovic,04:33:13,5,8,320,2,2,4,3,0,15,1,2,1,160,160,0,0,0,0,0,0,0,0,0,0,0,0,0,0,0,0,0,0,0,0,0,5.732,5.259,1,88.0,BW,NCTL,D,1.0,0.0,1,0,0,-0.008082628253269084,-1.1591005655482143,1.0185267326970053
2023-wimbledon-1701,Carlos Alcaraz,Novak Djokovic,04:33:51,5,8,321,2,2,4,3,15,15,1,2,1,161,160,0,0,0,0,0,0,0,0,0,0,0,0,0,0,0,0,0,0,0,0,0,18.146,16.37,5,99.0,BC,CTL,D,1.0,0.0,1,0,0,0.015482726075251798,-1.0842425565614249,1.2095538191267114
2023-wimbledon-1701,Carlos Alcaraz,Novak Djokovic,04:34:38,5,8,322,2,2,4,3,30,15,1,1,1,162,160,0,0,0,0,1,0,F,0,0,0,0,0,0,0,0,0,0,0,0,0,0,9.024,13.154,3,115.0,C,NCTL,ND,1.0,0.0,1,0,1,0.014780702273087795,-1.200038367069293,1.1003353348054592
2023-wimbledon-1701,Carlos Alcaraz,Novak Djokovic,04:35:05,5,8,323,2,2,4,3,40,15,1,2,1,163,160,1,0,1,0,1,0,0,0,0,0,0,0,0,0,0,0,0,0,0,0,0,6.489,7.329,1,108.0,W,CTL,D,1.0,0.0,1,0,0,-0.006608902445704429,-1.3026211490080368,0.9717390580204239
2023-wimbledon-1701,Carlos Alcaraz,Novak Djokovic,04:35:50,5,9,324,2,2,5,3,0,0,2,1,2,163,161,0,0,0,0,0,1,F,0,0,0,0,0,1,0,1,0,0,0,0,0,0,17.628,14.786,5,111.0,W,NCTL,ND,0.0,1.0,0,0,1,-0.030111217927390202,-1.043586200802309,1.139084056905705
2023-wimbledon-1701,Carlos Alcaraz,Novak Djokovic,04:36:18,5,9,325,2,2,5,3,0,15,2,1,2,163,162,0,0,0,0,0,0,0,0,0,0,0,0,0,0,0,0,0,0,0,0,0,22.495,11.196,1,110.0,C,NCTL,D,0.0,1.0,0,0,1,-0.029535773067728935,-1.213570980321309,1.0301430334807813
2023-wimbledon-1701,Carlos Alcaraz,Novak Djokovic,04:36:44,5,9,326,2,2,5,3,0,30,2,1,2,163,163,0,0,0,0,0,0,0,0,0,0,0,0,0,0,0,0,0,0,0,0,0,8.686,7.679,1,108.0,W,CTL,ND,0.0,1.0,0,0,1,-0.03650974157724961,-1.2504731007429928,1.0001660234478063
2023-wimbledon-1701,Carlos Alcaraz,Novak Djokovic,04:37:13,5,9,327,2,2,5,3,0,40,2,1,1,164,163,0,0,0,0,0,0,0,0,0,0,0,0,0,0,0,0,0,0,0,0,0,16.135,6.657,2,123.0,C,NCTL,ND,1.0,0.0,1,0,1,-0.05484415707630228,-1.1807049763781872,1.143848808706985
2023-wimbledon-1701,Carlos Alcaraz,Novak Djokovic,04:37:38,5,9,328,2,2,5,3,15,40,2,2,2,164,164,2,0,0,0,0,0,0,0,0,0,0,0,0,0,0,0,0,0,0,0,0,4.15,3.609,1,99.0,BW,NCTL,D,0.0,1.0,0,0,0,0.05402816393304601,-1.186504855709949,1.0565091229917611
2023-wimbledon-1701,Carlos Alcaraz,Novak Djokovic,04:39:31,5,10,329,2,2,5,4,0,0,1,1,2,164,165,0,0,0,0,0,0,0,0,0,1,0,0,0,0,0,0,0,0,0,0,0,6.772,10.303,2,127.0,C,NCTL,ND,0.0,1.0,0,0,1,-0.006232416431726433,-0.9706170886990299,1.141280497699145
2023-wimbledon-1701,Carlos Alcaraz,Novak Djokovic,04:39:58,5,10,330,2,2,5,4,0,15,1,1,1,165,165,0,0,0,0,1,0,F,0,0,0,0,0,1,0,0,0,0,0,0,0,0,38.62,50.971,11,123.0,C,NCTL,D,1.0,0.0,1,0,1,-0.0032497334441550837,-1.0709581414594134,1.105195201197606
2023-wimbledon-1701,Carlos Alcaraz,Novak Djokovic,04:40:43,5,10,331,2,2,5,4,15,15,1,1,1,166,165,0,0,0,0,1,0,B,0,0,0,0,1,0,1,0,0,0,0,0,0,0,17.533,27.766,5,114.0,W,NCTL,ND,1.0,0.0,1,0,1,0.03592167631517892,-1.1793255691115636,1.190320621870584
2023-wimbledon-1701,Carlos Alcaraz,Novak Djokovic,04:41:20,5,10,332,2,2,5,4,30,15,1,1,2,166,166,0,0,0,0,0,1,F,0,0,0,0,0,0,0,0,0,0,0,0,0,0,10.882,18.328,4,124.0,W,NCTL,D,0.0,1.0,0,0,1,0.012117078103240038,-1.2412513433160652,1.0068404032929454
2023-wimbledon-1701,Carlos Alcaraz,Novak Djokovic,04:41:52,5,10,333,2,2,5,4,30,30,1,1,1,167,166,0,0,0,0,0,0,0,0,0,0,0,0,0,0,0,0,0,0,0,0,0,7.893,10.537,1,130.0,C,NCTL,D,1.0,0.0,1,0,1,-0.04605308737487688,-1.2532190014535953,0.9584644700675928
2023-wimbledon-1701,Carlos Alcaraz,Novak Djokovic,04:42:27,5,10,334,2,2,5,4,40,30,1,1,1,168,166,1,1,0,0,0,0,0,0,0,0,0,1,0,1,0,0,0,0,0,0,0,17.811,25.367,3,129.0,BW,NCTL,ND,1.0,0.0,1,0,1,0.055797783157569204,-1.111099194339599,1.2915015009614979
